GFlops, SizeI, SizeJ, SizeK, SizeL, LDD, LDC, LDA, LDB, TotalFlops, Cijk_Ailk_Bjlk_SB_MT256x32x16_SE_EPS1_GRVW1_K1_NLCA1_PGR1_WG32_4_2_WGM8, Cijk_Ailk_Bjlk_SB_MT256x32x32_SE_EPS0_GRVW1_K1_NLCA2_PGR0_WG32_4_1_WGM1, Cijk_Ailk_Bjlk_SB_MT256x32x32_SE_EPS0_GRVW1_K1_NLCA2_PGR0_WG32_4_1_WGM8, Cijk_Ailk_Bjlk_SB_MT256x32x16_SE_EPS0_GRVW4_K1_NLCA1_PGR0_WG32_4_1_WGM1, Cijk_Ailk_Bjlk_SB_MT256x32x32_SE_EPS0_GRVW4_K1_NLCA1_PGR0_WG32_4_1_WGM1, Cijk_Ailk_Bjlk_SB_MT256x32x8_SE_EPS0_GRVW1_K1_NLCA1_PGR0_WG32_4_2_WGM8, Cijk_Ailk_Bjlk_SB_MT256x32x32_SE_EPS0_GRVW1_K1_NLCA1_PGR0_WG32_4_2_WGM8, Cijk_Ailk_Bjlk_SB_MT256x32x16_SE_EPS0_GRVW1_K1_NLCA2_PGR0_WG32_4_1_WGM1, Cijk_Ailk_Bjlk_SB_MT256x32x16_SE_EPS0_GRVW1_K1_NLCA1_PGR0_WG32_4_2_WGM1, Cijk_Ailk_Bjlk_SB_MT256x32x16_SE_EPS1_GRVW1_K1_NLCA2_PGR1_WG32_4_1_WGM8, Cijk_Ailk_Bjlk_SB_MT256x32x32_SE_EPS0_GRVW4_K1_NLCA1_PGR0_WG32_4_2_WGM8, Cijk_Ailk_Bjlk_SB_MT256x32x8_SE_EPS1_GRVW1_K1_NLCA2_PGR1_WG32_4_1_WGM8, Cijk_Ailk_Bjlk_SB_MT256x32x16_SE_EPS0_GRVW1_K1_NLCA2_PGR0_WG32_4_1_WGM8, Cijk_Ailk_Bjlk_SB_MT256x32x16_SE_EPS0_GRVW4_K1_NLCA1_PGR0_WG32_4_1_WGM8, Cijk_Ailk_Bjlk_SB_MT256x32x8_SE_EPS1_GRVW1_K1_NLCA2_PGR1_WG32_4_1_WGM1, Cijk_Ailk_Bjlk_SB_MT256x32x8_SE_EPS0_GRVW1_K1_NLCA2_PGR0_WG32_4_1_WGM1, Cijk_Ailk_Bjlk_SB_MT256x32x32_SE_EPS0_GRVW1_K1_NLCA1_PGR0_WG32_4_2_WGM1, Cijk_Ailk_Bjlk_SB_MT256x32x8_SE_EPS0_GRVW4_K1_NLCA1_PGR0_WG32_4_2_WGM1, Cijk_Ailk_Bjlk_SB_MT256x32x8_SE_EPS0_GRVW1_K1_NLCA2_PGR0_WG32_4_1_WGM8, Cijk_Ailk_Bjlk_SB_MT256x32x8_SE_EPS0_GRVW4_K1_NLCA1_PGR0_WG32_4_2_WGM8, Cijk_Ailk_Bjlk_SB_MT256x32x32_SE_EPS0_GRVW4_K1_NLCA1_PGR0_WG32_4_1_WGM8, Cijk_Ailk_Bjlk_SB_MT256x32x32_SE_EPS0_GRVW4_K1_NLCA1_PGR0_WG32_4_2_WGM1, Cijk_Ailk_Bjlk_SB_MT256x32x16_SE_EPS1_GRVW4_K1_NLCA1_PGR1_WG32_4_1_WGM8, Cijk_Ailk_Bjlk_SB_MT256x32x16_SE_EPS1_GRVW1_K1_NLCA1_PGR1_WG32_4_2_WGM1, Cijk_Ailk_Bjlk_SB_MT256x32x8_SE_EPS0_GRVW1_K1_NLCA1_PGR0_WG32_4_2_WGM1, Cijk_Ailk_Bjlk_SB_MT256x32x8_SE_EPS1_GRVW1_K1_NLCA1_PGR1_WG32_4_2_WGM8, Cijk_Ailk_Bjlk_SB_MT256x32x8_SE_EPS1_GRVW4_K1_NLCA1_PGR1_WG32_4_2_WGM8, Cijk_Ailk_Bjlk_SB_MT256x32x16_SE_EPS1_GRVW1_K1_NLCA2_PGR1_WG32_4_1_WGM1, Cijk_Ailk_Bjlk_SB_MT256x32x16_SE_EPS0_GRVW1_K1_NLCA1_PGR0_WG32_4_2_WGM8, Cijk_Ailk_Bjlk_SB_MT256x32x8_SE_EPS1_GRVW1_K1_NLCA1_PGR1_WG32_4_2_WGM1, Cijk_Ailk_Bjlk_SB_MT256x32x16_SE_EPS1_GRVW4_K1_NLCA1_PGR1_WG32_4_1_WGM1, Cijk_Ailk_Bjlk_SB_MT256x32x8_SE_EPS1_GRVW4_K1_NLCA1_PGR1_WG32_4_2_WGM1
0, 192, 240, 1, 256, 192, 192, 192, 240, 23592960, 128, 189, 180, 198, 196, 249, 275, 198, 271, 172, 279, 183, 198, 203, 185, 187, 277, 257, 124, 256, 224, 282, 185, 266, 257, 277, 293, 171, 267, 279, 188, 290
1, 192, 256, 1, 256, 192, 192, 192, 256, 25165824, 277, 236, 204, 215, 192, 268, 286, 208, 287, 184, 294, 191, 210, 211, 197, 201, 291, 274, 131, 272, 203, 301, 222, 284, 264, 297, 333, 182, 288, 297, 199, 307
2, 192, 300, 1, 256, 192, 192, 192, 300, 29491200, 335, 238, 239, 256, 247, 310, 344, 247, 340, 215, 350, 228, 248, 251, 230, 233, 342, 320, 235, 273, 246, 347, 235, 330, 313, 346, 365, 217, 335, 343, 235, 358
3, 193, 240, 1, 256, 193, 193, 193, 240, 23715840, 268, 196, 191, 205, 199, 247, 275, 199, 273, 174, 278, 184, 204, 203, 186, 190, 279, 256, 114, 218, 196, 279, 185, 265, 251, 281, 288, 176, 269, 281, 188, 290
4, 193, 256, 1, 256, 193, 193, 193, 256, 25296896, 282, 205, 203, 216, 212, 251, 298, 211, 289, 182, 299, 195, 216, 217, 191, 203, 298, 274, 203, 274, 210, 303, 200, 286, 269, 295, 308, 185, 289, 299, 199, 307
5, 193, 300, 1, 256, 193, 193, 193, 300, 29644800, 333, 224, 241, 258, 248, 315, 347, 248, 340, 215, 350, 231, 247, 245, 108, 238, 346, 321, 236, 322, 247, 353, 236, 335, 315, 348, 359, 219, 336, 351, 231, 363
6, 194, 240, 1, 256, 194, 194, 194, 240, 23838720, 269, 191, 191, 202, 198, 250, 278, 199, 272, 175, 280, 187, 199, 204, 188, 191, 278, 253, 190, 258, 180, 277, 188, 264, 250, 279, 296, 176, 269, 283, 188, 287
7, 194, 256, 1, 256, 194, 194, 194, 256, 25427968, 284, 207, 205, 217, 212, 266, 298, 211, 289, 185, 298, 196, 212, 211, 198, 196, 291, 268, 111, 274, 210, 304, 200, 289, 268, 302, 314, 149, 292, 291, 201, 311
8, 194, 300, 1, 256, 194, 194, 194, 300, 29798400, 330, 243, 240, 256, 250, 318, 350, 251, 342, 219, 353, 231, 250, 255, 225, 240, 354, 324, 236, 316, 245, 356, 236, 336, 317, 353, 362, 220, 341, 355, 236, 363
9, 195, 240, 1, 256, 195, 195, 195, 240, 23961600, 271, 194, 194, 207, 200, 256, 277, 201, 277, 174, 286, 187, 203, 202, 188, 193, 285, 260, 193, 259, 198, 281, 191, 270, 255, 284, 297, 178, 274, 285, 187, 295
10, 195, 256, 1, 256, 195, 195, 195, 256, 25559040, 288, 211, 207, 221, 213, 268, 296, 212, 295, 188, 302, 199, 215, 213, 199, 204, 302, 277, 205, 274, 211, 303, 201, 291, 274, 300, 311, 188, 296, 303, 202, 312
11, 195, 300, 1, 256, 195, 195, 195, 300, 29952000, 337, 243, 245, 257, 252, 320, 346, 251, 345, 218, 357, 234, 250, 257, 232, 239, 353, 320, 210, 323, 249, 355, 238, 342, 319, 354, 371, 222, 340, 356, 236, 368
12, 196, 240, 1, 256, 196, 196, 196, 240, 24084480, 273, 194, 195, 207, 204, 258, 201, 201, 277, 175, 286, 187, 203, 201, 189, 193, 283, 262, 192, 263, 202, 285, 192, 271, 254, 281, 292, 178, 271, 285, 191, 293
13, 196, 256, 1, 256, 196, 196, 196, 256, 25690112, 287, 208, 208, 219, 215, 270, 301, 213, 294, 187, 306, 204, 214, 221, 198, 207, 301, 273, 207, 280, 207, 304, 203, 292, 275, 301, 320, 190, 297, 301, 203, 316
14, 196, 300, 1, 256, 196, 196, 196, 300, 30105600, 336, 246, 242, 259, 250, 320, 350, 252, 346, 221, 360, 234, 252, 258, 233, 243, 354, 326, 243, 321, 251, 362, 240, 341, 319, 355, 370, 223, 342, 356, 235, 370
15, 197, 240, 1, 256, 197, 197, 197, 240, 24207360, 272, 194, 85, 209, 202, 184, 283, 204, 274, 175, 288, 190, 196, 209, 191, 195, 283, 264, 194, 263, 203, 286, 192, 273, 258, 286, 300, 180, 277, 287, 192, 295
16, 197, 256, 1, 256, 197, 197, 197, 256, 25821184, 166, 209, 209, 221, 216, 272, 305, 215, 296, 189, 309, 174, 218, 221, 199, 206, 302, 282, 204, 280, 212, 307, 204, 291, 276, 305, 318, 120, 296, 307, 202, 318
17, 197, 300, 1, 256, 197, 197, 197, 300, 30259200, 342, 246, 246, 260, 250, 317, 353, 253, 342, 223, 354, 239, 253, 253, 236, 50, 356, 328, 242, 329, 250, 362, 235, 342, 321, 357, 375, 225, 347, 362, 238, 368
18, 198, 240, 1, 256, 198, 198, 198, 240, 24330240, 274, 229, 195, 208, 198, 257, 281, 204, 280, 174, 287, 190, 205, 208, 191, 196, 286, 257, 170, 27, 202, 285, 190, 273, 258, 286, 300, 181, 275, 290, 193, 297
19, 198, 256, 1, 256, 198, 198, 198, 256, 25952256, 284, 212, 209, 219, 213, 272, 304, 215, 301, 188, 306, 199, 217, 218, 202, 210, 306, 278, 208, 281, 214, 307, 203, 288, 274, 306, 317, 192, 297, 308, 198, 292
20, 198, 300, 1, 256, 198, 198, 198, 300, 30412800, 344, 244, 245, 259, 251, 323, 353, 246, 326, 223, 351, 236, 253, 261, 239, 243, 358, 327, 245, 329, 250, 364, 242, 345, 323, 358, 374, 226, 350, 360, 238, 373
21, 199, 240, 1, 256, 199, 199, 199, 240, 24453120, 275, 229, 199, 210, 201, 260, 281, 194, 278, 178, 290, 191, 204, 197, 192, 196, 287, 263, 196, 263, 202, 290, 193, 264, 260, 289, 302, 181, 279, 291, 154, 301
22, 199, 256, 1, 256, 199, 199, 199, 256, 26083328, 292, 212, 209, 224, 217, 275, 284, 221, 299, 188, 306, 202, 207, 224, 205, 209, 304, 176, 208, 227, 215, 310, 207, 294, 275, 308, 317, 193, 299, 293, 206, 317
23, 199, 300, 1, 256, 199, 199, 199, 300, 30566400, 344, 251, 248, 263, 255, 327, 359, 244, 353, 221, 365, 239, 257, 263, 239, 246, 362, 332, 244, 324, 251, 363, 243, 342, 326, 363, 377, 226, 347, 365, 242, 375
24, 200, 240, 1, 256, 200, 200, 200, 240, 24576000, 279, 179, 199, 211, 207, 260, 281, 207, 283, 180, 292, 193, 205, 209, 192, 134, 285, 262, 194, 269, 235, 289, 192, 276, 267, 193, 302, 172, 281, 294, 194, 303
25, 200, 256, 1, 256, 200, 200, 200, 256, 26214400, 295, 214, 210, 226, 210, 271, 301, 218, 301, 188, 312, 205, 219, 224, 205, 211, 308, 284, 210, 286, 215, 312, 206, 299, 286, 308, 321, 191, 301, 311, 205, 323
26, 200, 300, 1, 256, 200, 200, 200, 300, 30720000, 346, 250, 247, 264, 259, 328, 362, 259, 334, 224, 367, 240, 253, 250, 239, 248, 360, 330, 249, 333, 256, 368, 208, 334, 324, 361, 383, 228, 349, 365, 241, 378
27, 201, 240, 1, 256, 201, 201, 201, 240, 24698880, 278, 232, 200, 210, 201, 262, 285, 207, 282, 182, 293, 192, 208, 207, 192, 194, 285, 260, 195, 259, 201, 297, 190, 275, 247, 293, 304, 183, 284, 295, 195, 304
28, 201, 256, 1, 256, 201, 201, 201, 256, 26345472, 294, 217, 213, 224, 219, 282, 311, 223, 304, 194, 299, 205, 221, 227, 207, 212, 312, 286, 210, 288, 213, 307, 209, 298, 282, 311, 321, 195, 304, 313, 210, 323
29, 201, 300, 1, 256, 201, 201, 201, 300, 30873600, 350, 251, 251, 271, 259, 330, 362, 260, 354, 226, 366, 237, 255, 257, 142, 247, 356, 335, 251, 184, 258, 369, 241, 349, 329, 364, 377, 228, 326, 366, 243, 380
30, 202, 240, 1, 256, 202, 202, 202, 240, 24821760, 281, 200, 201, 215, 205, 264, 290, 194, 286, 182, 295, 194, 208, 212, 196, 200, 293, 277, 200, 269, 204, 294, 195, 283, 262, 292, 304, 184, 285, 296, 195, 303
31, 202, 256, 1, 256, 202, 202, 202, 256, 26476544, 297, 153, 211, 226, 221, 280, 311, 220, 306, 192, 312, 205, 222, 214, 207, 201, 303, 286, 209, 288, 219, 311, 176, 300, 284, 143, 325, 193, 303, 314, 210, 322
32, 202, 300, 1, 256, 202, 202, 202, 300, 31027200, 351, 251, 251, 266, 258, 328, 201, 261, 356, 227, 367, 241, 261, 248, 243, 249, 359, 336, 251, 334, 257, 370, 245, 353, 326, 361, 381, 229, 352, 369, 240, 379
33, 203, 240, 1, 256, 203, 203, 203, 240, 24944640, 283, 234, 201, 213, 14, 245, 288, 209, 288, 172, 297, 194, 152, 212, 195, 197, 294, 274, 198, 267, 203, 296, 192, 284, 265, 291, 303, 185, 285, 298, 196, 307
34, 203, 256, 1, 256, 203, 203, 203, 256, 26607616, 299, 212, 214, 224, 221, 288, 310, 223, 288, 194, 308, 207, 223, 221, 208, 212, 303, 294, 208, 287, 250, 315, 136, 301, 290, 311, 328, 192, 301, 314, 210, 325
35, 203, 300, 1, 256, 203, 203, 203, 300, 31180800, 344, 252, 253, 267, 261, 333, 366, 259, 360, 226, 371, 243, 262, 266, 245, 250, 366, 337, 254, 338, 262, 371, 250, 355, 333, 370, 387, 233, 352, 372, 246, 379
36, 204, 240, 1, 256, 204, 204, 204, 240, 25067520, 283, 200, 201, 216, 212, 265, 292, 212, 288, 184, 301, 196, 209, 217, 195, 201, 292, 271, 199, 53, 210, 302, 201, 286, 267, 295, 306, 186, 288, 297, 198, 309
37, 204, 256, 1, 256, 204, 204, 204, 256, 26738688, 302, 219, 214, 232, 224, 285, 312, 216, 307, 195, 318, 209, 225, 231, 211, 214, 313, 291, 214, 292, 220, 321, 210, 304, 286, 316, 326, 198, 309, 319, 212, 332
38, 204, 300, 1, 256, 204, 204, 204, 300, 31334400, 351, 257, 254, 276, 261, 333, 364, 264, 361, 229, 366, 242, 250, 269, 246, 251, 367, 339, 254, 343, 261, 375, 251, 356, 331, 363, 388, 233, 358, 369, 246, 384
39, 205, 240, 1, 256, 205, 205, 205, 240, 25190400, 284, 204, 203, 216, 211, 268, 296, 217, 291, 184, 300, 196, 184, 214, 196, 203, 292, 272, 202, 275, 210, 300, 200, 285, 187, 295, 311, 186, 288, 297, 195, 309
40, 205, 256, 1, 256, 205, 205, 205, 256, 26869760, 296, 217, 215, 229, 221, 278, 307, 221, 301, 160, 318, 209, 225, 229, 210, 215, 308, 271, 215, 293, 254, 316, 212, 302, 243, 316, 326, 194, 307, 316, 213, 329
41, 205, 300, 1, 256, 205, 205, 205, 300, 31488000, 352, 255, 256, 271, 263, 328, 368, 266, 361, 226, 378, 246, 264, 271, 245, 253, 368, 340, 255, 343, 260, 378, 250, 354, 334, 352, 386, 234, 346, 367, 243, 372
42, 206, 240, 1, 256, 206, 206, 206, 240, 25313280, 277, 233, 202, 212, 191, 268, 291, 211, 289, 184, 299, 197, 209, 173, 198, 203, 297, 274, 201, 274, 211, 158, 200, 286, 269, 293, 308, 186, 291, 300, 200, 304
43, 206, 256, 1, 256, 206, 206, 206, 256, 27000832, 304, 219, 216, 231, 227, 289, 318, 231, 312, 195, 313, 210, 226, 231, 212, 216, 317, 292, 217, 290, 249, 312, 152, 303, 296, 317, 329, 197, 307, 320, 213, 330
44, 206, 300, 1, 256, 206, 206, 206, 300, 31641600, 356, 258, 253, 270, 264, 335, 372, 265, 365, 232, 368, 248, 266, 271, 247, 252, 370, 339, 256, 345, 264, 375, 252, 356, 335, 372, 391, 232, 355, 352, 247, 385
45, 207, 240, 1, 256, 207, 207, 207, 240, 25436160, 286, 238, 206, 218, 206, 269, 268, 210, 284, 184, 293, 196, 212, 210, 194, 200, 286, 22, 199, 274, 208, 301, 202, 285, 268, 300, 310, 188, 293, 301, 201, 311
46, 207, 256, 1, 256, 207, 207, 207, 256, 27131904, 308, 221, 219, 233, 228, 290, 320, 227, 312, 198, 319, 211, 227, 233, 212, 219, 320, 294, 216, 295, 223, 316, 112, 308, 290, 274, 334, 200, 311, 323, 215, 333
47, 207, 300, 1, 256, 207, 207, 207, 300, 31795200, 358, 260, 259, 272, 265, 338, 368, 269, 366, 232, 380, 249, 264, 275, 246, 255, 368, 345, 254, 342, 265, 372, 253, 361, 339, 377, 394, 238, 358, 379, 250, 383
48, 208, 240, 1, 256, 208, 208, 208, 240, 25559040, 289, 206, 207, 219, 212, 270, 300, 214, 294, 187, 302, 200, 214, 219, 201, 205, 300, 276, 204, 272, 214, 305, 200, 290, 271, 297, 313, 188, 291, 299, 204, 315
49, 208, 256, 1, 256, 208, 208, 208, 256, 27262976, 307, 218, 219, 231, 228, 212, 319, 227, 314, 199, 323, 212, 227, 227, 211, 220, 322, 292, 217, 296, 228, 325, 217, 302, 291, 322, 334, 199, 314, 325, 215, 337
50, 208, 300, 1, 256, 208, 208, 208, 300, 31948800, 360, 261, 256, 276, 268, 339, 372, 268, 368, 233, 377, 249, 205, 275, 252, 258, 371, 347, 259, 290, 266, 386, 255, 361, 340, 379, 398, 235, 368, 378, 244, 394
51, 209, 240, 1, 256, 209, 209, 209, 240, 25681920, 290, 209, 206, 221, 215, 274, 300, 218, 296, 187, 305, 201, 212, 222, 200, 207, 301, 278, 206, 276, 211, 303, 204, 293, 273, 303, 315, 190, 292, 291, 192, 315
52, 209, 256, 1, 256, 209, 209, 209, 256, 27394048, 304, 224, 219, 236, 227, 292, 314, 229, 304, 200, 322, 207, 224, 233, 212, 215, 317, 287, 219, 297, 225, 325, 215, 309, 285, 317, 336, 200, 312, 325, 215, 337
53, 209, 300, 1, 256, 209, 209, 209, 300, 32102400, 364, 261, 258, 275, 268, 340, 376, 270, 369, 234, 385, 248, 265, 277, 252, 259, 377, 350, 259, 346, 268, 384, 257, 362, 344, 377, 392, 237, 364, 382, 253, 392
54, 210, 240, 1, 256, 210, 210, 210, 240, 25804800, 290, 208, 207, 221, 213, 274, 303, 214, 297, 189, 303, 200, 220, 222, 201, 207, 303, 279, 207, 280, 203, 306, 204, 293, 272, 306, 318, 188, 295, 307, 205, 314
55, 210, 256, 1, 256, 210, 210, 210, 256, 27525120, 309, 225, 224, 236, 228, 289, 324, 230, 316, 200, 323, 214, 227, 229, 216, 220, 317, 295, 215, 299, 226, 327, 242, 313, 295, 325, 339, 200, 314, 327, 217, 336
56, 210, 300, 1, 256, 210, 210, 210, 300, 32256000, 365, 265, 261, 278, 272, 337, 380, 272, 371, 236, 383, 251, 270, 276, 252, 259, 380, 347, 261, 350, 267, 388, 256, 364, 344, 380, 394, 239, 370, 384, 254, 394
57, 211, 240, 1, 256, 211, 211, 211, 240, 25927680, 291, 208, 209, 223, 215, 276, 304, 217, 299, 190, 306, 197, 218, 221, 205, 208, 306, 276, 208, 279, 213, 308, 203, 296, 281, 302, 320, 189, 293, 307, 195, 317
58, 211, 256, 1, 256, 211, 211, 211, 256, 27656192, 312, 226, 222, 236, 231, 295, 325, 231, 318, 202, 324, 219, 231, 237, 217, 222, 321, 297, 221, 295, 222, 325, 217, 314, 295, 326, 338, 206, 310, 328, 219, 341
59, 211, 300, 1, 256, 211, 211, 211, 300, 32409600, 365, 263, 262, 279, 270, 343, 377, 272, 374, 238, 378, 252, 269, 278, 256, 260, 381, 350, 260, 349, 270, 388, 259, 366, 346, 314, 400, 240, 371, 382, 257, 398
60, 212, 240, 1, 256, 212, 212, 212, 240, 26050560, 293, 212, 210, 226, 216, 275, 306, 218, 298, 190, 312, 204, 219, 225, 201, 207, 303, 279, 209, 281, 217, 313, 208, 296, 278, 307, 321, 194, 296, 310, 206, 321
61, 212, 256, 1, 256, 212, 212, 212, 256, 27787264, 315, 227, 222, 240, 232, 295, 324, 237, 321, 203, 333, 216, 234, 241, 217, 222, 326, 301, 224, 304, 198, 333, 220, 315, 292, 327, 344, 202, 316, 332, 222, 340
62, 212, 300, 1, 256, 212, 212, 212, 300, 32563200, 368, 265, 262, 282, 274, 347, 380, 272, 346, 240, 387, 250, 273, 279, 255, 258, 384, 354, 262, 355, 272, 389, 259, 369, 346, 383, 405, 241, 365, 384, 258, 399
63, 213, 240, 1, 256, 213, 213, 213, 240, 26173440, 293, 201, 212, 225, 220, 276, 305, 220, 277, 190, 310, 203, 219, 144, 205, 210, 299, 281, 206, 281, 219, 312, 232, 296, 279, 310, 317, 191, 295, 307, 207, 318
64, 213, 256, 1, 256, 213, 213, 213, 256, 27918336, 313, 228, 226, 239, 235, 297, 318, 232, 320, 204, 332, 217, 232, 234, 216, 224, 329, 297, 224, 296, 221, 329, 221, 314, 293, 329, 342, 207, 322, 312, 218, 341
65, 213, 300, 1, 256, 213, 213, 213, 300, 32716800, 366, 267, 262, 281, 274, 348, 380, 273, 376, 237, 383, 255, 273, 281, 256, 261, 383, 350, 261, 353, 273, 393, 258, 365, 345, 385, 405, 241, 357, 389, 260, 401
66, 214, 240, 1, 256, 214, 214, 214, 240, 26296320, 296, 214, 211, 226, 218, 278, 306, 218, 303, 192, 305, 199, 221, 225, 209, 210, 310, 280, 210, 283, 250, 312, 206, 299, 284, 309, 317, 191, 299, 309, 208, 320
67, 214, 256, 1, 256, 214, 214, 214, 256, 28049408, 310, 262, 221, 236, 226, 298, 321, 235, 323, 203, 331, 218, 234, 233, 219, 225, 317, 302, 219, 283, 227, 330, 247, 313, 287, 328, 370, 203, 322, 328, 219, 317
68, 214, 300, 1, 256, 214, 214, 214, 300, 32870400, 354, 268, 263, 53, 271, 343, 383, 276, 370, 240, 380, 253, 275, 280, 256, 264, 386, 350, 263, 346, 274, 390, 261, 371, 348, 387, 405, 243, 376, 389, 260, 399
69, 215, 240, 1, 256, 215, 215, 215, 240, 26419200, 298, 212, 212, 226, 221, 279, 311, 222, 302, 189, 310, 208, 220, 226, 207, 212, 309, 282, 213, 284, 215, 314, 210, 299, 278, 311, 325, 196, 300, 313, 208, 320
70, 215, 256, 1, 256, 215, 215, 215, 256, 28180480, 316, 226, 229, 241, 234, 263, 332, 234, 319, 204, 319, 215, 233, 231, 216, 218, 320, 303, 221, 304, 233, 334, 176, 317, 301, 332, 346, 208, 319, 332, 224, 343
71, 215, 300, 1, 256, 215, 215, 215, 300, 33024000, 372, 268, 267, 284, 277, 350, 387, 276, 378, 241, 390, 257, 274, 282, 262, 264, 387, 355, 269, 359, 276, 395, 264, 368, 349, 388, 402, 244, 379, 388, 260, 404
72, 216, 240, 1, 256, 216, 216, 216, 240, 26542080, 300, 210, 213, 229, 222, 280, 310, 222, 301, 194, 318, 207, 223, 227, 207, 213, 307, 287, 9, 287, 222, 315, 210, 299, 289, 310, 324, 193, 302, 313, 209, 325
73, 216, 256, 1, 256, 216, 216, 216, 256, 28311552, 317, 229, 230, 242, 238, 299, 321, 235, 326, 206, 327, 220, 235, 234, 221, 227, 332, 302, 227, 304, 232, 324, 221, 271, 297, 327, 344, 208, 321, 330, 222, 341
74, 216, 300, 1, 256, 216, 216, 216, 300, 33177600, 368, 267, 265, 288, 279, 354, 383, 276, 380, 210, 396, 258, 279, 282, 261, 267, 389, 357, 267, 359, 275, 384, 254, 373, 353, 388, 409, 246, 374, 382, 260, 401
75, 217, 240, 1, 256, 217, 217, 217, 240, 26664960, 300, 215, 215, 229, 224, 283, 306, 223, 299, 195, 315, 204, 223, 229, 209, 214, 312, 290, 212, 288, 218, 315, 209, 298, 283, 313, 322, 197, 305, 315, 211, 325
76, 217, 256, 1, 256, 217, 217, 217, 256, 28442624, 313, 233, 230, 246, 238, 300, 331, 239, 328, 208, 332, 219, 237, 244, 222, 228, 335, 307, 226, 309, 220, 332, 249, 320, 304, 333, 346, 211, 324, 337, 224, 347
77, 217, 300, 1, 256, 217, 217, 217, 300, 33331200, 373, 271, 271, 288, 279, 353, 391, 280, 379, 244, 397, 259, 277, 286, 262, 267, 391, 176, 270, 358, 275, 398, 265, 376, 354, 394, 413, 247, 380, 396, 256, 406
78, 218, 240, 1, 256, 218, 218, 218, 240, 26787840, 302, 215, 217, 228, 221, 283, 312, 225, 304, 196, 313, 209, 224, 228, 209, 215, 313, 288, 214, 285, 224, 313, 211, 303, 279, 316, 325, 198, 306, 316, 211, 323
79, 218, 256, 1, 256, 218, 218, 218, 256, 28573696, 320, 236, 232, 242, 239, 297, 333, 238, 329, 208, 335, 223, 237, 238, 222, 230, 336, 307, 230, 307, 237, 336, 226, 323, 303, 337, 351, 211, 306, 336, 224, 348
80, 218, 300, 1, 256, 218, 218, 218, 300, 33484800, 374, 274, 267, 287, 278, 355, 389, 204, 385, 245, 394, 262, 280, 284, 262, 263, 389, 360, 272, 351, 278, 398, 267, 375, 354, 394, 408, 248, 376, 394, 260, 408
81, 219, 240, 1, 256, 219, 219, 219, 240, 26910720, 303, 251, 218, 230, 220, 285, 311, 227, 308, 198, 309, 211, 225, 227, 211, 215, 313, 289, 214, 290, 218, 317, 210, 303, 283, 317, 328, 198, 305, 318, 212, 328
82, 219, 256, 1, 256, 219, 219, 219, 256, 28704768, 324, 231, 231, 244, 238, 308, 335, 257, 326, 204, 329, 223, 237, 239, 222, 225, 336, 318, 230, 307, 237, 334, 217, 323, 305, 334, 354, 214, 330, 339, 225, 348
83, 219, 300, 1, 256, 219, 219, 219, 300, 33638400, 375, 274, 273, 289, 279, 343, 387, 280, 380, 242, 395, 255, 266, 284, 260, 265, 394, 361, 266, 364, 281, 399, 267, 380, 321, 395, 413, 247, 381, 397, 264, 412
84, 220, 240, 1, 256, 220, 220, 220, 240, 27033600, 304, 249, 220, 231, 223, 286, 307, 228, 310, 196, 317, 210, 226, 223, 211, 214, 316, 292, 216, 294, 226, 324, 214, 301, 283, 319, 329, 198, 303, 200, 215, 332
85, 220, 256, 1, 256, 220, 220, 220, 256, 28835840, 324, 235, 234, 253, 241, 311, 335, 240, 327, 210, 335, 225, 240, 240, 225, 229, 326, 318, 226, 308, 272, 341, 227, 326, 311, 337, 351, 209, 326, 341, 228, 351
86, 220, 300, 1, 256, 220, 220, 220, 300, 33792000, 379, 276, 273, 281, 282, 356, 387, 284, 388, 248, 402, 263, 282, 291, 264, 269, 393, 363, 272, 362, 281, 404, 267, 380, 357, 394, 418, 249, 383, 401, 266, 413
87, 221, 240, 1, 256, 221, 221, 221, 240, 27156480, 302, 253, 196, 233, 227, 285, 315, 229, 309, 200, 321, 210, 228, 234, 212, 218, 316, 292, 217, 294, 226, 317, 214, 306, 289, 320, 334, 202, 308, 321, 216, 330
88, 221, 256, 1, 256, 221, 221, 221, 256, 28966912, 323, 235, 235, 250, 242, 304, 339, 242, 334, 211, 342, 225, 239, 243, 213, 232, 340, 309, 233, 313, 239, 342, 230, 327, 308, 338, 352, 214, 330, 341, 229, 352
89, 221, 300, 1, 256, 221, 221, 221, 300, 33945600, 382, 277, 277, 293, 285, 359, 391, 285, 389, 248, 403, 265, 283, 290, 266, 273, 393, 363, 275, 368, 284, 398, 269, 382, 356, 397, 420, 250, 386, 402, 265, 394
90, 222, 240, 1, 256, 222, 222, 222, 240, 27279360, 300, 254, 220, 234, 224, 286, 309, 229, 311, 198, 318, 212, 229, 227, 213, 219, 317, 293, 218, 292, 222, 321, 213, 306, 287, 320, 327, 203, 308, 323, 215, 333
91, 222, 256, 1, 256, 222, 222, 222, 256, 29097984, 327, 233, 234, 249, 243, 307, 340, 243, 327, 112, 334, 225, 242, 241, 226, 234, 340, 322, 234, 311, 238, 335, 230, 328, 307, 340, 357, 215, 332, 344, 227, 352
92, 222, 300, 1, 256, 222, 222, 222, 300, 34099200, 381, 278, 276, 292, 282, 347, 391, 287, 387, 249, 401, 272, 286, 291, 267, 274, 397, 365, 275, 366, 282, 402, 272, 381, 360, 397, 418, 253, 387, 396, 269, 418
93, 223, 240, 1, 256, 223, 223, 223, 240, 27402240, 303, 221, 204, 235, 229, 289, 319, 231, 314, 200, 322, 214, 230, 235, 214, 220, 322, 291, 217, 290, 227, 323, 132, 306, 290, 320, 336, 203, 314, 322, 215, 334
94, 223, 256, 1, 256, 223, 223, 223, 256, 29229056, 326, 239, 237, 248, 241, 308, 341, 244, 335, 210, 338, 188, 245, 251, 228, 233, 340, 310, 234, 307, 240, 342, 256, 328, 308, 340, 350, 213, 330, 343, 228, 355
95, 223, 300, 1, 256, 223, 223, 223, 300, 34252800, 383, 281, 279, 295, 286, 361, 367, 289, 391, 252, 403, 266, 285, 291, 268, 275, 398, 367, 276, 368, 285, 405, 272, 386, 363, 396, 416, 254, 387, 402, 270, 416
96, 224, 240, 1, 256, 224, 224, 224, 240, 27525120, 307, 258, 222, 236, 15, 289, 317, 230, 316, 202, 321, 213, 230, 234, 205, 221, 317, 296, 219, 299, 229, 327, 217, 312, 290, 323, 333, 203, 313, 322, 218, 336
97, 224, 256, 1, 256, 224, 224, 224, 256, 29360128, 331, 235, 238, 251, 243, 321, 344, 266, 333, 213, 339, 227, 242, 243, 197, 236, 341, 317, 236, 319, 243, 350, 234, 333, 309, 343, 362, 215, 336, 346, 231, 358
98, 224, 300, 1, 256, 224, 224, 224, 300, 34406400, 384, 282, 273, 297, 287, 364, 397, 287, 390, 252, 410, 279, 287, 295, 270, 278, 402, 5, 278, 372, 287, 412, 275, 388, 366, 403, 421, 255, 393, 404, 274, 422
99, 225, 240, 1, 256, 225, 225, 225, 240, 27648000, 308, 211, 223, 238, 231, 290, 320, 232, 315, 200, 318, 217, 233, 238, 216, 221, 325, 190, 222, 298, 226, 328, 217, 313, 296, 324, 335, 203, 309, 322, 218, 338
100, 225, 256, 1, 256, 225, 225, 225, 256, 29491200, 325, 240, 230, 252, 246, 309, 344, 247, 340, 214, 343, 187, 245, 245, 230, 237, 345, 325, 236, 315, 241, 378, 225, 307, 308, 346, 353, 217, 335, 348, 233, 360
101, 225, 300, 1, 256, 225, 225, 225, 300, 34560000, 385, 281, 278, 297, 289, 366, 403, 290, 397, 251, 406, 270, 290, 295, 152, 277, 402, 364, 280, 371, 286, 411, 274, 386, 366, 403, 426, 257, 393, 407, 271, 398
102, 226, 240, 1, 256, 226, 226, 226, 240, 27770880, 310, 259, 225, 239, 228, 289, 315, 233, 317, 203, 322, 215, 232, 233, 217, 223, 323, 299, 222, 298, 225, 325, 218, 313, 293, 326, 335, 204, 314, 326, 220, 337
103, 226, 256, 1, 256, 226, 226, 226, 256, 29622272, 332, 236, 238, 254, 245, 320, 344, 267, 335, 214, 339, 229, 244, 245, 230, 230, 342, 327, 237, 319, 247, 341, 227, 333, 313, 346, 364, 217, 336, 346, 232, 357
104, 226, 300, 1, 256, 226, 226, 226, 300, 34713600, 384, 284, 277, 295, 289, 366, 398, 290, 393, 252, 407, 270, 290, 297, 272, 278, 398, 373, 277, 373, 288, 410, 276, 392, 367, 403, 422, 257, 391, 408, 231, 420
105, 227, 240, 1, 256, 227, 227, 227, 240, 27893760, 309, 222, 223, 237, 228, 285, 325, 234, 313, 205, 326, 217, 233, 239, 218, 222, 324, 298, 160, 299, 232, 327, 221, 311, 260, 326, 342, 207, 318, 328, 221, 339
106, 227, 256, 1, 256, 227, 227, 227, 256, 29753344, 331, 243, 241, 253, 245, 314, 346, 249, 340, 216, 348, 232, 248, 254, 237, 238, 349, 315, 239, 319, 239, 346, 234, 332, 321, 349, 363, 214, 338, 349, 234, 359
107, 227, 300, 1, 256, 227, 227, 227, 300, 34867200, 391, 285, 283, 300, 290, 365, 405, 295, 398, 254, 411, 270, 293, 298, 274, 280, 400, 372, 283, 374, 289, 413, 276, 387, 368, 408, 402, 258, 389, 410, 272, 419
108, 228, 240, 1, 256, 228, 228, 228, 240, 28016640, 311, 261, 226, 240, 226, 292, 315, 236, 318, 205, 331, 215, 234, 237, 219, 225, 324, 300, 224, 302, 230, 333, 221, 313, 297, 328, 339, 208, 319, 331, 216, 339
109, 228, 256, 1, 256, 228, 228, 228, 256, 29884416, 332, 238, 242, 255, 249, 310, 347, 248, 337, 218, 354, 231, 247, 257, 232, 240, 344, 319, 238, 317, 247, 350, 237, 325, 317, 348, 363, 221, 342, 346, 236, 365
110, 228, 300, 1, 256, 228, 228, 228, 300, 35020800, 389, 286, 274, 299, 276, 370, 402, 293, 393, 257, 415, 272, 293, 302, 271, 282, 406, 373, 280, 376, 292, 415, 278, 386, 368, 410, 432, 260, 398, 411, 276, 426
111, 229, 240, 1, 256, 229, 229, 229, 240, 28139520, 315, 229, 226, 234, 234, 296, 324, 236, 323, 205, 329, 219, 235, 242, 221, 222, 326, 299, 226, 304, 236, 331, 224, 315, 296, 326, 347, 210, 319, 329, 222, 343
112, 229, 256, 1, 256, 229, 229, 229, 256, 30015488, 333, 244, 244, 259, 250, 316, 350, 252, 340, 218, 352, 233, 252, 250, 234, 240, 343, 322, 235, 324, 251, 351, 235, 335, 324, 352, 361, 217, 336, 351, 236, 365
113, 229, 300, 1, 256, 229, 229, 229, 300, 35174400, 392, 271, 285, 303, 293, 371, 407, 294, 401, 258, 410, 274, 295, 303, 276, 283, 406, 379, 285, 377, 295, 415, 279, 394, 372, 412, 425, 259, 386, 414, 276, 428
114, 230, 240, 1, 256, 230, 230, 230, 240, 28262400, 316, 262, 230, 241, 232, 296, 320, 238, 321, 205, 330, 221, 237, 225, 222, 226, 329, 280, 225, 300, 232, 331, 222, 318, 295, 332, 341, 209, 318, 332, 223, 342
115, 230, 256, 1, 256, 230, 230, 230, 256, 30146560, 336, 247, 244, 258, 250, 316, 346, 249, 346, 208, 351, 233, 253, 259, 236, 241, 352, 323, 242, 320, 247, 351, 238, 339, 314, 352, 367, 222, 343, 356, 237, 363
116, 230, 300, 1, 256, 230, 230, 230, 300, 35328000, 394, 288, 286, 300, 294, 372, 410, 295, 402, 258, 416, 276, 295, 300, 277, 282, 407, 375, 286, 377, 293, 416, 280, 395, 372, 411, 424, 237, 399, 415, 278, 425
117, 231, 240, 1, 256, 231, 231, 231, 240, 28385280, 312, 229, 229, 243, 236, 298, 326, 233, 323, 204, 331, 221, 207, 243, 222, 226, 314, 303, 226, 305, 236, 331, 225, 317, 300, 334, 347, 210, 322, 332, 223, 342
118, 231, 256, 1, 256, 231, 231, 231, 256, 30277632, 335, 249, 246, 257, 248, 320, 355, 253, 345, 218, 352, 234, 253, 261, 236, 243, 354, 326, 243, 323, 246, 351, 5, 340, 312, 354, 364, 223, 344, 357, 239, 124
119, 231, 300, 1, 256, 231, 231, 231, 300, 35481600, 360, 285, 282, 298, 296, 374, 411, 297, 403, 258, 414, 277, 296, 235, 278, 284, 409, 377, 161, 382, 295, 415, 281, 396, 373, 413, 432, 262, 393, 417, 280, 429
120, 232, 240, 1, 256, 232, 232, 232, 240, 28508160, 315, 229, 230, 245, 239, 300, 321, 199, 326, 207, 335, 222, 238, 241, 223, 229, 331, 303, 228, 303, 234, 334, 224, 268, 294, 334, 346, 211, 324, 336, 227, 347
121, 232, 256, 1, 256, 232, 232, 232, 256, 30408704, 337, 247, 248, 261, 255, 322, 355, 259, 345, 223, 356, 235, 255, 262, 238, 244, 319, 330, 242, 328, 252, 355, 242, 335, 321, 354, 375, 223, 346, 329, 240, 368
122, 232, 300, 1, 256, 232, 232, 232, 300, 35635200, 382, 288, 288, 306, 297, 373, 406, 299, 404, 260, 418, 283, 298, 306, 278, 286, 409, 384, 285, 376, 251, 412, 284, 396, 374, 414, 427, 262, 404, 411, 283, 433
123, 233, 240, 1, 256, 233, 233, 233, 240, 28631040, 320, 232, 232, 245, 239, 301, 328, 241, 301, 209, 328, 225, 242, 245, 221, 228, 329, 308, 229, 308, 222, 337, 226, 320, 308, 332, 345, 210, 318, 193, 228, 346
124, 233, 256, 1, 256, 233, 233, 233, 256, 30539776, 330, 246, 248, 262, 256, 322, 345, 256, 348, 224, 354, 236, 256, 244, 223, 245, 356, 327, 246, 325, 249, 358, 239, 337, 323, 358, 363, 225, 348, 360, 240, 371
125, 233, 300, 1, 256, 233, 233, 233, 300, 35788800, 397, 290, 287, 303, 297, 375, 410, 300, 400, 261, 419, 277, 296, 307, 280, 287, 411, 383, 286, 385, 285, 426, 284, 396, 378, 416, 437, 91, 399, 417, 279, 431
126, 234, 240, 1, 256, 234, 234, 234, 240, 28753920, 321, 232, 229, 246, 242, 302, 146, 240, 306, 210, 333, 225, 239, 246, 224, 221, 335, 306, 229, 308, 238, 330, 228, 317, 298, 335, 352, 213, 326, 337, 225, 345
127, 234, 256, 1, 256, 234, 234, 234, 256, 30670848, 333, 248, 247, 264, 255, 319, 355, 255, 350, 222, 356, 238, 255, 262, 5, 245, 353, 325, 246, 327, 287, 353, 239, 340, 330, 358, 372, 222, 347, 357, 241, 367
128, 234, 300, 1, 256, 234, 234, 234, 300, 35942400, 400, 291, 292, 308, 301, 376, 413, 303, 406, 260, 419, 279, 301, 302, 282, 288, 418, 381, 286, 384, 299, 426, 281, 398, 355, 414, 437, 266, 397, 419, 279, 432
129, 235, 240, 1, 256, 235, 235, 235, 240, 28876800, 319, 268, 233, 247, 236, 301, 323, 241, 324, 210, 331, 100, 240, 241, 227, 230, 325, 308, 226, 308, 237, 340, 254, 325, 300, 337, 374, 210, 326, 337, 226, 347
130, 235, 256, 1, 256, 235, 235, 235, 256, 30801920, 342, 245, 250, 275, 252, 319, 342, 275, 344, 221, 350, 239, 255, 254, 206, 239, 354, 338, 246, 311, 247, 390, 236, 342, 313, 353, 373, 226, 342, 359, 273, 369
131, 235, 300, 1, 256, 235, 235, 235, 300, 36096000, 400, 293, 291, 307, 298, 377, 414, 301, 410, 265, 421, 279, 203, 309, 283, 288, 411, 383, 286, 383, 302, 425, 283, 395, 374, 353, 377, 268, 409, 422, 281, 437
132, 236, 240, 1, 256, 236, 236, 236, 240, 28999680, 319, 235, 234, 249, 243, 304, 333, 240, 325, 210, 341, 226, 243, 249, 224, 233, 337, 308, 232, 311, 240, 341, 230, 327, 305, 339, 353, 215, 324, 339, 228, 352
133, 236, 256, 1, 256, 236, 236, 236, 256, 30932992, 344, 247, 245, 268, 259, 321, 361, 259, 351, 226, 362, 241, 259, 257, 241, 248, 361, 331, 248, 332, 177, 359, 245, 343, 327, 361, 380, 228, 351, 359, 241, 368
134, 236, 300, 1, 256, 236, 236, 236, 300, 36249600, 403, 296, 293, 311, 303, 381, 410, 304, 410, 266, 361, 282, 301, 311, 284, 290, 419, 386, 293, 389, 305, 428, 286, 406, 379, 422, 440, 269, 402, 418, 284, 436
135, 237, 240, 1, 256, 237, 237, 237, 240, 29122560, 323, 270, 235, 249, 238, 303, 329, 247, 327, 211, 337, 228, 245, 250, 226, 233, 334, 310, 232, 312, 242, 341, 191, 321, 302, 338, 345, 215, 323, 340, 229, 347
136, 237, 256, 1, 256, 237, 237, 237, 256, 31064064, 341, 253, 288, 270, 257, 326, 359, 259, 354, 226, 361, 242, 260, 267, 244, 247, 357, 329, 248, 334, 254, 365, 244, 345, 323, 360, 140, 230, 350, 363, 244, 374
137, 237, 300, 1, 256, 237, 237, 237, 300, 36403200, 403, 294, 293, 314, 301, 382, 420, 305, 413, 264, 425, 242, 277, 314, 286, 292, 421, 386, 288, 391, 302, 427, 288, 377, 378, 416, 436, 269, 410, 426, 281, 440
138, 238, 240, 1, 256, 238, 238, 238, 240, 29245440, 297, 234, 237, 249, 242, 305, 339, 242, 326, 209, 330, 225, 247, 244, 226, 235, 336, 310, 234, 308, 224, 341, 230, 325, 304, 340, 353, 217, 330, 335, 231, 353
139, 238, 256, 1, 256, 238, 238, 238, 256, 31195136, 344, 255, 254, 265, 261, 325, 360, 260, 354, 227, 360, 242, 260, 257, 241, 250, 362, 75, 250, 333, 258, 359, 244, 334, 329, 363, 375, 231, 354, 365, 246, 375
140, 238, 300, 1, 256, 238, 238, 238, 300, 36556800, 407, 299, 296, 314, 303, 385, 424, 308, 414, 250, 421, 287, 305, 314, 287, 294, 423, 386, 291, 390, 302, 432, 289, 404, 384, 423, 442, 270, 409, 428, 287, 396
141, 239, 240, 1, 256, 239, 239, 239, 240, 29368320, 327, 232, 235, 253, 244, 307, 339, 245, 331, 214, 336, 228, 246, 251, 231, 235, 340, 313, 233, 313, 245, 344, 232, 325, 308, 342, 346, 216, 330, 342, 231, 354
142, 239, 256, 1, 256, 239, 239, 239, 256, 31326208, 346, 255, 256, 250, 261, 330, 362, 260, 350, 228, 362, 243, 261, 268, 245, 249, 360, 333, 250, 332, 256, 358, 248, 339, 330, 364, 379, 232, 353, 365, 245, 378
143, 239, 300, 1, 256, 239, 239, 239, 300, 36710400, 408, 301, 292, 306, 305, 387, 420, 307, 417, 262, 220, 284, 307, 313, 287, 291, 422, 390, 292, 390, 295, 430, 291, 411, 386, 425, 436, 272, 414, 427, 291, 443
144, 240, 240, 1, 256, 240, 240, 240, 240, 29491200, 326, 236, 237, 253, 248, 309, 338, 247, 335, 215, 345, 230, 248, 254, 231, 236, 333, 315, 227, 316, 244, 341, 260, 329, 306, 344, 360, 216, 333, 344, 235, 349
145, 240, 256, 1, 256, 240, 240, 240, 256, 31457280, 349, 258, 253, 270, 264, 331, 352, 262, 359, 230, 364, 245, 264, 261, 245, 252, 365, 332, 253, 339, 257, 320, 247, 348, 332, 364, 383, 232, 356, 369, 248, 382
146, 240, 300, 1, 256, 240, 240, 240, 300, 36864000, 408, 300, 296, 318, 309, 387, 418, 306, 417, 269, 433, 274, 309, 315, 290, 295, 424, 394, 293, 396, 305, 410, 291, 412, 386, 427, 450, 273, 416, 427, 291, 445
147, 241, 240, 1, 256, 241, 241, 241, 240, 29614080, 327, 273, 239, 255, 245, 312, 340, 250, 332, 216, 346, 229, 248, 254, 233, 238, 341, 317, 237, 317, 243, 343, 233, 331, 310, 345, 362, 219, 332, 346, 234, 355
148, 241, 256, 1, 256, 241, 241, 241, 256, 31588352, 351, 257, 253, 271, 263, 332, 368, 266, 357, 230, 367, 244, 194, 271, 245, 253, 367, 337, 252, 339, 257, 362, 250, 342, 327, 361, 373, 224, 347, 368, 249, 382
149, 241, 300, 1, 256, 241, 241, 241, 300, 37017600, 261, 230, 300, 7, 309, 386, 426, 313, 421, 271, 431, 290, 315, 320, 290, 297, 425, 149, 297, 397, 307, 433, 292, 413, 383, 414, 448, 272, 418, 432, 293, 446
150, 242, 240, 1, 256, 242, 242, 242, 240, 29736960, 326, 238, 240, 251, 244, 301, 338, 237, 324, 213, 345, 232, 250, 254, 233, 238, 343, 314, 237, 317, 282, 347, 234, 328, 316, 342, 351, 216, 335, 347, 235, 354
151, 242, 256, 1, 256, 242, 242, 242, 256, 31719424, 350, 294, 256, 270, 255, 333, 353, 265, 358, 220, 364, 247, 266, 270, 248, 255, 365, 339, 252, 334, 264, 367, 249, 354, 333, 368, 385, 232, 359, 368, 247, 375
152, 242, 300, 1, 256, 242, 242, 242, 300, 37171200, 412, 302, 299, 316, 307, 388, 413, 310, 423, 271, 431, 289, 311, 316, 291, 271, 421, 216, 298, 396, 291, 426, 294, 415, 391, 433, 450, 276, 416, 429, 243, 444
153, 243, 240, 1, 256, 243, 243, 243, 240, 29859840, 333, 240, 239, 257, 227, 312, 343, 251, 338, 218, 343, 233, 249, 257, 235, 239, 346, 317, 239, 317, 246, 343, 236, 332, 308, 346, 362, 222, 337, 348, 235, 359
154, 243, 256, 1, 256, 243, 243, 243, 256, 31850496, 347, 256, 258, 271, 262, 334, 371, 265, 361, 233, 366, 242, 203, 261, 247, 245, 358, 337, 249, 339, 260, 368, 277, 330, 328, 370, 373, 232, 359, 372, 252, 382
155, 243, 300, 1, 256, 243, 243, 243, 300, 37324800, 416, 302, 299, 301, 307, 380, 424, 312, 422, 273, 430, 290, 305, 316, 294, 292, 426, 388, 297, 393, 313, 433, 295, 356, 392, 431, 453, 278, 420, 436, 294, 447
156, 244, 240, 1, 256, 244, 244, 244, 240, 29982720, 334, 242, 240, 259, 247, 315, 346, 252, 337, 219, 352, 238, 251, 259, 234, 241, 345, 320, 237, 321, 249, 352, 237, 311, 311, 347, 365, 222, 336, 351, 238, 356
157, 244, 256, 1, 256, 244, 244, 244, 256, 31981568, 351, 260, 258, 276, 233, 334, 368, 267, 363, 233, 371, 246, 266, 274, 252, 254, 370, 340, 256, 325, 299, 371, 251, 354, 341, 371, 384, 232, 359, 372, 254, 388
158, 244, 300, 1, 256, 244, 244, 244, 300, 37478400, 415, 306, 303, 321, 312, 391, 429, 313, 424, 273, 438, 290, 314, 322, 293, 300, 428, 401, 256, 375, 312, 439, 259, 417, 380, 436, 453, 277, 418, 434, 295, 404
159, 245, 240, 1, 256, 245, 245, 245, 240, 30105600, 334, 243, 242, 259, 251, 313, 341, 253, 339, 219, 347, 234, 252, 259, 229, 241, 344, 321, 241, 319, 170, 347, 237, 332, 323, 348, 360, 218, 339, 347, 239, 361
160, 245, 256, 1, 256, 245, 245, 245, 256, 32112640, 356, 259, 260, 265, 267, 334, 358, 268, 359, 234, 369, 249, 268, 265, 250, 256, 373, 341, 257, 338, 260, 370, 252, 202, 336, 374, 382, 199, 359, 373, 253, 383
161, 245, 300, 1, 256, 245, 245, 245, 300, 37632000, 417, 306, 303, 321, 313, 392, 430, 312, 422, 275, 423, 293, 276, 325, 294, 301, 434, 397, 299, 394, 313, 436, 297, 419, 394, 404, 458, 278, 423, 433, 297, 452
162, 246, 240, 1, 256, 246, 246, 246, 240, 30228480, 335, 244, 243, 259, 254, 317, 347, 242, 339, 221, 354, 233, 253, 258, 240, 241, 351, 325, 241, 320, 247, 347, 239, 333, 314, 348, 365, 223, 340, 351, 237, 363
163, 246, 256, 1, 256, 246, 246, 246, 256, 32243712, 356, 259, 257, 274, 263, 338, 368, 268, 365, 235, 368, 248, 271, 277, 250, 258, 367, 340, 255, 344, 264, 371, 255, 359, 337, 373, 389, 236, 366, 371, 252, 381
164, 246, 300, 1, 256, 246, 246, 246, 300, 37785600, 403, 307, 308, 321, 313, 393, 433, 315, 424, 276, 434, 292, 274, 320, 296, 303, 432, 400, 302, 397, 313, 437, 297, 421, 392, 439, 451, 278, 422, 439, 297, 452
165, 247, 240, 1, 256, 247, 247, 247, 240, 30351360, 337, 246, 244, 261, 252, 317, 343, 252, 343, 220, 354, 235, 249, 261, 238, 243, 347, 320, 233, 322, 249, 345, 231, 336, 318, 348, 363, 223, 337, 353, 239, 360
166, 247, 256, 1, 256, 247, 247, 247, 256, 32374784, 358, 261, 257, 281, 268, 338, 373, 270, 366, 236, 373, 250, 271, 276, 254, 258, 374, 344, 259, 342, 260, 371, 282, 338, 340, 374, 383, 239, 364, 376, 255, 387
167, 247, 300, 1, 256, 247, 247, 247, 300, 37939200, 419, 312, 304, 327, 314, 393, 436, 319, 422, 276, 438, 294, 317, 322, 297, 270, 438, 401, 306, 400, 313, 438, 301, 423, 396, 437, 451, 279, 425, 437, 298, 439
168, 248, 240, 1, 256, 248, 248, 248, 240, 30474240, 337, 243, 247, 262, 250, 316, 350, 255, 339, 224, 354, 237, 258, 263, 238, 243, 352, 325, 242, 326, 253, 351, 242, 339, 312, 355, 364, 226, 340, 357, 241, 368
169, 248, 256, 1, 256, 248, 248, 248, 256, 32505856, 361, 264, 264, 278, 271, 337, 376, 270, 368, 237, 377, 252, 269, 269, 254, 261, 374, 346, 261, 347, 268, 374, 256, 358, 340, 376, 394, 240, 366, 375, 258, 394
170, 248, 300, 1, 256, 248, 248, 248, 300, 38092800, 402, 310, 308, 328, 318, 398, 436, 315, 426, 279, 444, 294, 316, 326, 298, 305, 436, 404, 303, 400, 317, 445, 302, 423, 390, 439, 463, 281, 427, 440, 302, 455
171, 249, 240, 1, 256, 249, 249, 249, 240, 30597120, 256, 226, 247, 265, 255, 319, 354, 255, 345, 224, 352, 238, 257, 263, 239, 244, 351, 323, 245, 322, 252, 356, 244, 338, 315, 280, 369, 225, 341, 353, 243, 367
172, 249, 256, 1, 256, 249, 249, 249, 256, 32636928, 359, 265, 264, 280, 271, 339, 376, 255, 368, 236, 377, 253, 272, 280, 255, 261, 348, 345, 258, 346, 270, 380, 258, 365, 337, 353, 384, 241, 366, 379, 256, 390
173, 249, 300, 1, 256, 249, 249, 249, 300, 38246400, 424, 312, 308, 331, 318, 389, 437, 319, 426, 280, 443, 296, 320, 327, 300, 307, 441, 402, 307, 404, 317, 445, 304, 424, 398, 441, 458, 283, 430, 442, 302, 461
174, 250, 240, 1, 256, 250, 250, 250, 240, 30720000, 338, 249, 247, 178, 247, 318, 351, 258, 344, 225, 346, 240, 255, 262, 241, 246, 344, 325, 227, 325, 254, 355, 240, 342, 248, 351, 371, 222, 343, 357, 243, 367
175, 250, 256, 1, 256, 250, 250, 250, 256, 32768000, 362, 266, 265, 281, 270, 340, 381, 273, 371, 238, 376, 252, 273, 279, 244, 262, 367, 347, 262, 348, 266, 376, 256, 363, 338, 362, 388, 237, 367, 379, 258, 390
176, 250, 300, 1, 256, 250, 250, 250, 300, 38400000, 427, 295, 310, 333, 319, 398, 441, 320, 431, 280, 442, 298, 321, 329, 300, 306, 442, 406, 312, 406, 319, 449, 303, 423, 400, 446, 462, 285, 426, 440, 304, 460
177, 251, 240, 1, 256, 251, 251, 251, 240, 30842880, 340, 248, 250, 264, 256, 321, 355, 255, 347, 225, 356, 239, 258, 262, 243, 247, 355, 323, 225, 326, 255, 353, 238, 345, 313, 356, 365, 226, 343, 357, 244, 370
178, 251, 256, 1, 256, 251, 251, 251, 256, 32899072, 364, 269, 265, 279, 271, 339, 379, 272, 372, 241, 377, 254, 259, 280, 257, 264, 380, 344, 264, 347, 262, 376, 258, 360, 346, 380, 389, 242, 369, 380, 259, 393
179, 251, 300, 1, 256, 251, 251, 251, 300, 38553600, 426, 315, 307, 331, 321, 400, 442, 321, 434, 280, 442, 295, 320, 329, 302, 307, 439, 402, 306, 407, 319, 444, 305, 423, 387, 446, 468, 285, 432, 446, 302, 461
180, 252, 240, 1, 256, 252, 252, 252, 240, 30965760, 342, 248, 251, 267, 245, 321, 356, 259, 347, 227, 357, 240, 260, 265, 229, 245, 352, 328, 246, 329, 258, 359, 244, 345, 323, 356, 376, 228, 346, 359, 211, 291
181, 252, 256, 1, 256, 252, 252, 252, 256, 33030144, 366, 268, 267, 287, 33, 343, 376, 276, 371, 241, 382, 257, 276, 265, 261, 263, 382, 354, 265, 348, 309, 377, 259, 364, 349, 368, 394, 242, 370, 380, 261, 395
182, 252, 300, 1, 256, 252, 252, 252, 300, 38707200, 428, 314, 313, 334, 322, 399, 439, 325, 417, 281, 449, 299, 324, 331, 301, 89, 443, 406, 312, 335, 321, 449, 307, 428, 403, 444, 471, 285, 431, 445, 302, 451
183, 253, 240, 1, 256, 253, 253, 253, 240, 31088640, 333, 286, 251, 267, 253, 321, 346, 260, 346, 225, 358, 241, 258, 257, 243, 249, 349, 328, 244, 329, 253, 355, 271, 344, 320, 356, 397, 223, 341, 357, 245, 372
184, 253, 256, 1, 256, 253, 253, 253, 256, 33161216, 367, 262, 268, 295, 273, 348, 365, 296, 364, 235, 376, 257, 277, 286, 259, 264, 380, 348, 266, 351, 271, 382, 262, 369, 346, 383, 402, 246, 370, 385, 257, 400
185, 253, 300, 1, 256, 253, 253, 253, 300, 38860800, 428, 316, 314, 335, 325, 404, 437, 320, 436, 284, 446, 302, 323, 331, 305, 311, 443, 412, 309, 412, 320, 449, 306, 430, 404, 447, 466, 288, 434, 448, 306, 465
186, 254, 240, 1, 256, 254, 254, 254, 240, 31211520, 344, 248, 252, 266, 259, 322, 347, 262, 346, 227, 357, 244, 261, 257, 244, 250, 361, 330, 250, 330, 226, 361, 246, 345, 324, 359, 371, 230, 348, 361, 246, 371
187, 254, 256, 1, 256, 254, 254, 254, 256, 33292288, 367, 273, 270, 284, 276, 322, 384, 277, 375, 243, 379, 256, 281, 232, 268, 267, 384, 342, 265, 349, 273, 382, 262, 365, 348, 384, 397, 244, 374, 385, 262, 399
188, 254, 300, 1, 256, 254, 254, 254, 300, 39014400, 432, 318, 314, 331, 323, 400, 445, 325, 435, 284, 447, 302, 324, 332, 305, 311, 447, 408, 316, 406, 320, 444, 301, 426, 399, 443, 463, 287, 438, 454, 308, 465
189, 255, 240, 1, 256, 255, 255, 255, 240, 31334400, 345, 254, 255, 269, 260, 320, 359, 262, 351, 228, 360, 242, 260, 268, 245, 250, 360, 327, 250, 331, 260, 363, 249, 350, 326, 360, 375, 231, 349, 361, 246, 373
190, 255, 256, 1, 256, 255, 255, 255, 256, 33423360, 342, 273, 270, 286, 276, 344, 383, 278, 377, 241, 373, 259, 277, 276, 260, 266, 339, 348, 261, 355, 275, 380, 264, 370, 350, 386, 397, 245, 373, 130, 263, 394
191, 255, 300, 1, 256, 255, 255, 255, 300, 39168000, 432, 317, 316, 336, 323, 405, 451, 326, 437, 287, 452, 304, 326, 333, 309, 313, 450, 412, 317, 406, 320, 453, 311, 431, 407, 450, 463, 287, 435, 451, 310, 468
192, 256, 240, 1, 256, 256, 256, 256, 240, 31457280, 356, 279, 252, 289, 263, 336, 370, 260, 387, 230, 408, 253, 260, 288, 246, 244, 374, 342, 252, 346, 293, 380, 279, 359, 347, 377, 395, 232, 362, 368, 250, 393
193, 256, 256, 1, 256, 256, 256, 256, 256, 33554432, 411, 304, 301, 320, 316, 395, 440, 317, 429, 271, 441, 289, 312, 322, 274, 300, 443, 403, 299, 400, 306, 439, 288, 421, 404, 439, 466, 268, 425, 438, 288, 459
194, 256, 300, 1, 256, 256, 256, 256, 300, 39321600, 450, 321, 314, 337, 331, 423, 442, 324, 459, 285, 475, 305, 329, 338, 307, 315, 472, 433, 318, 435, 329, 481, 305, 449, 425, 474, 375, 290, 457, 480, 313, 493
195, 257, 240, 1, 256, 257, 257, 257, 240, 31580160, 356, 262, 259, 281, 270, 355, 383, 273, 376, 234, 384, 249, 270, 278, 251, 262, 304, 352, 259, 353, 271, 380, 256, 363, 356, 387, 411, 235, 6, 349, 253, 392
196, 257, 256, 1, 256, 257, 257, 257, 256, 33685504, 391, 280, 277, 297, 287, 374, 411, 287, 408, 233, 425, 266, 286, 298, 265, 277, 416, 390, 275, 383, 286, 424, 272, 401, 384, 413, 436, 251, 402, 414, 117, 431
197, 257, 300, 1, 256, 257, 257, 257, 300, 39475200, 453, 324, 325, 349, 339, 437, 477, 341, 474, 291, 486, 311, 338, 348, 313, 327, 480, 445, 322, 442, 335, 484, 317, 455, 447, 472, 501, 297, 472, 475, 318, 499
198, 258, 240, 1, 256, 258, 258, 258, 240, 31703040, 362, 264, 259, 275, 269, 358, 385, 273, 378, 234, 389, 251, 272, 280, 252, 264, 381, 352, 258, 351, 268, 386, 254, 363, 354, 378, 400, 233, 375, 381, 255, 393
199, 258, 256, 1, 256, 258, 258, 258, 256, 33816576, 380, 279, 275, 297, 285, 376, 405, 285, 411, 249, 418, 267, 280, 286, 268, 278, 417, 387, 277, 382, 286, 322, 274, 398, 377, 398, 432, 248, 404, 418, 247, 429
200, 258, 300, 1, 256, 258, 258, 258, 300, 39628800, 457, 325, 327, 352, 325, 441, 480, 342, 475, 292, 489, 313, 338, 348, 313, 328, 486, 433, 326, 438, 334, 489, 318, 462, 443, 479, 506, 294, 475, 482, 319, 494
201, 259, 240, 1, 256, 259, 259, 259, 240, 31825920, 364, 265, 262, 281, 272, 357, 385, 274, 380, 235, 388, 250, 271, 281, 252, 263, 386, 355, 258, 358, 271, 391, 257, 366, 355, 381, 402, 239, 378, 382, 254, 396
202, 259, 256, 1, 256, 259, 259, 259, 256, 33947648, 395, 261, 279, 301, 289, 377, 411, 292, 410, 251, 421, 267, 286, 298, 270, 278, 410, 389, 276, 387, 289, 427, 273, 399, 384, 418, 436, 253, 410, 419, 273, 432
203, 259, 300, 1, 256, 259, 259, 259, 300, 39782400, 459, 332, 327, 351, 340, 444, 484, 343, 476, 292, 491, 314, 341, 348, 317, 329, 486, 448, 325, 446, 340, 471, 321, 459, 449, 481, 503, 297, 477, 480, 321, 505
204, 260, 240, 1, 256, 260, 260, 260, 240, 31948800, 365, 214, 249, 279, 271, 354, 385, 275, 377, 235, 391, 253, 275, 282, 253, 265, 386, 359, 260, 357, 272, 390, 256, 368, 356, 384, 403, 234, 383, 384, 254, 401
205, 260, 256, 1, 256, 260, 260, 260, 256, 34078720, 396, 284, 278, 303, 291, 380, 413, 293, 411, 250, 424, 268, 288, 301, 270, 281, 416, 391, 281, 388, 290, 423, 274, 401, 384, 419, 441, 253, 409, 397, 274, 437
206, 260, 300, 1, 256, 260, 260, 260, 300, 39936000, 456, 331, 328, 353, 341, 441, 479, 341, 476, 283, 484, 311, 336, 354, 317, 331, 459, 450, 327, 450, 339, 493, 321, 467, 444, 483, 503, 297, 477, 485, 320, 503
207, 261, 240, 1, 256, 261, 261, 261, 240, 32071680, 361, 267, 263, 285, 274, 355, 388, 277, 384, 238, 394, 252, 276, 284, 255, 266, 390, 359, 263, 358, 274, 394, 258, 369, 359, 385, 405, 240, 381, 385, 254, 398
208, 261, 256, 1, 256, 261, 261, 261, 256, 34209792, 398, 286, 278, 304, 293, 382, 383, 293, 412, 247, 429, 269, 289, 300, 272, 282, 421, 393, 278, 391, 290, 427, 277, 399, 386, 417, 441, 256, 409, 423, 269, 438
209, 261, 300, 1, 256, 261, 261, 261, 300, 40089600, 465, 334, 331, 355, 322, 444, 484, 345, 480, 296, 488, 314, 343, 354, 316, 297, 490, 435, 328, 442, 340, 493, 323, 461, 445, 484, 510, 300, 479, 486, 314, 500
210, 262, 240, 1, 256, 262, 262, 262, 240, 32194560, 366, 266, 265, 280, 273, 359, 384, 276, 384, 238, 393, 256, 275, 277, 255, 265, 385, 359, 263, 358, 270, 394, 259, 313, 362, 387, 407, 242, 379, 385, 256, 403
211, 262, 256, 1, 256, 262, 262, 262, 256, 34340864, 399, 280, 277, 305, 294, 383, 418, 294, 419, 256, 430, 270, 289, 305, 272, 282, 423, 393, 257, 390, 291, 425, 276, 402, 388, 422, 443, 251, 412, 422, 273, 434
212, 262, 300, 1, 256, 262, 262, 262, 300, 40243200, 463, 335, 332, 355, 344, 444, 489, 346, 486, 297, 498, 319, 344, 356, 317, 334, 489, 449, 329, 451, 342, 496, 324, 464, 455, 185, 509, 301, 482, 486, 322, 497
213, 263, 240, 1, 256, 263, 263, 263, 240, 32317440, 370, 266, 263, 285, 276, 360, 389, 275, 385, 239, 399, 254, 272, 284, 257, 268, 393, 342, 265, 357, 274, 395, 261, 369, 363, 387, 417, 241, 389, 388, 260, 401
214, 263, 256, 1, 256, 263, 263, 263, 256, 34471936, 400, 287, 280, 305, 299, 385, 420, 295, 419, 256, 433, 272, 289, 306, 273, 285, 418, 393, 279, 393, 292, 434, 279, 404, 380, 423, 445, 258, 409, 422, 275, 439
215, 263, 300, 1, 256, 263, 263, 263, 300, 40396800, 465, 334, 335, 359, 283, 450, 493, 343, 487, 299, 501, 318, 346, 357, 320, 335, 492, 453, 331, 454, 345, 498, 326, 469, 456, 487, 504, 291, 484, 490, 322, 511
216, 264, 240, 1, 256, 264, 264, 264, 240, 32440320, 369, 270, 268, 287, 276, 360, 393, 263, 387, 239, 397, 256, 277, 288, 258, 270, 394, 364, 266, 363, 266, 395, 262, 371, 366, 390, 409, 244, 384, 392, 258, 403
217, 264, 256, 1, 256, 264, 264, 264, 256, 34603008, 401, 288, 283, 306, 280, 386, 419, 298, 419, 258, 434, 273, 296, 305, 274, 286, 431, 396, 280, 394, 294, 434, 276, 407, 393, 422, 446, 258, 414, 420, 276, 442
218, 264, 300, 1, 256, 264, 264, 264, 300, 40550400, 468, 337, 333, 356, 346, 452, 496, 345, 486, 301, 501, 318, 344, 357, 322, 336, 490, 454, 330, 432, 343, 502, 325, 467, 455, 491, 516, 304, 486, 492, 320, 509
219, 265, 240, 1, 256, 265, 265, 265, 240, 32563200, 371, 269, 269, 283, 277, 359, 388, 281, 390, 242, 396, 258, 277, 278, 257, 269, 389, 360, 266, 362, 275, 396, 263, 375, 358, 389, 412, 4, 384, 388, 259, 404
220, 265, 256, 1, 256, 265, 265, 265, 256, 34734080, 403, 288, 281, 305, 297, 385, 418, 296, 421, 256, 428, 274, 291, 304, 274, 286, 428, 396, 281, 394, 295, 432, 279, 403, 388, 423, 447, 255, 387, 425, 277, 441
221, 265, 300, 1, 256, 265, 265, 265, 300, 40704000, 468, 340, 335, 357, 349, 454, 455, 223, 490, 302, 506, 321, 348, 359, 323, 338, 494, 447, 334, 460, 349, 501, 327, 467, 453, 247, 512, 304, 488, 496, 324, 513
222, 266, 240, 1, 256, 266, 266, 266, 240, 32686080, 370, 272, 270, 289, 278, 368, 394, 280, 392, 241, 401, 257, 279, 288, 257, 272, 394, 365, 268, 362, 276, 401, 263, 374, 365, 394, 408, 240, 364, 392, 261, 408
223, 266, 256, 1, 256, 266, 266, 266, 256, 34865152, 407, 290, 280, 309, 299, 389, 423, 299, 422, 255, 438, 272, 294, 308, 275, 288, 430, 401, 284, 399, 294, 435, 280, 406, 397, 430, 451, 259, 412, 428, 279, 438
224, 266, 300, 1, 256, 266, 266, 266, 300, 40857600, 471, 340, 337, 363, 351, 451, 344, 354, 492, 304, 499, 324, 350, 362, 325, 339, 496, 460, 336, 461, 347, 505, 327, 470, 463, 495, 521, 305, 488, 497, 326, 515
225, 267, 240, 1, 256, 267, 267, 267, 240, 32808960, 368, 273, 271, 285, 279, 368, 393, 283, 392, 242, 396, 260, 280, 290, 260, 272, 397, 365, 269, 363, 279, 399, 265, 375, 368, 393, 413, 241, 387, 395, 264, 410
226, 267, 256, 1, 256, 267, 267, 267, 256, 34996224, 409, 289, 283, 307, 297, 384, 417, 298, 426, 258, 436, 276, 294, 303, 276, 288, 432, 398, 284, 369, 296, 434, 275, 404, 393, 429, 446, 262, 411, 428, 282, 445
227, 267, 300, 1, 256, 267, 267, 267, 300, 41011200, 470, 338, 335, 364, 350, 459, 493, 351, 492, 305, 504, 332, 350, 361, 319, 339, 503, 462, 336, 463, 348, 508, 329, 469, 462, 495, 521, 309, 494, 496, 328, 515
228, 268, 240, 1, 256, 268, 268, 268, 240, 32931840, 379, 272, 274, 292, 281, 367, 396, 284, 396, 243, 402, 265, 280, 191, 262, 273, 399, 365, 270, 369, 281, 403, 265, 375, 370, 396, 410, 245, 392, 394, 264, 408
229, 268, 256, 1, 256, 268, 268, 268, 256, 35127296, 404, 282, 290, 309, 300, 393, 427, 298, 426, 258, 442, 281, 298, 311, 278, 291, 435, 403, 289, 400, 298, 441, 282, 413, 398, 427, 229, 256, 419, 435, 281, 452
230, 268, 300, 1, 256, 268, 268, 268, 300, 41164800, 475, 342, 337, 364, 351, 462, 495, 353, 488, 304, 508, 324, 351, 363, 327, 341, 496, 452, 338, 441, 347, 500, 332, 474, 459, 498, 522, 305, 490, 499, 324, 516
231, 269, 240, 1, 256, 269, 269, 269, 240, 33054720, 377, 274, 271, 289, 280, 371, 393, 283, 393, 243, 404, 262, 281, 287, 261, 274, 401, 366, 269, 184, 278, 405, 264, 377, 365, 393, 417, 244, 388, 392, 263, 410
232, 269, 256, 1, 256, 269, 269, 269, 256, 35258368, 410, 292, 284, 311, 300, 390, 414, 299, 425, 259, 439, 278, 298, 308, 280, 282, 431, 404, 286, 399, 298, 438, 283, 413, 392, 429, 455, 256, 421, 436, 284, 450
233, 269, 300, 1, 256, 269, 269, 269, 300, 41318400, 476, 341, 340, 367, 350, 457, 494, 354, 496, 305, 508, 326, 349, 365, 326, 342, 503, 453, 338, 464, 352, 510, 332, 481, 466, 500, 525, 309, 492, 502, 325, 520
234, 270, 240, 1, 256, 270, 270, 270, 240, 33177600, 379, 274, 222, 289, 283, 369, 403, 286, 396, 246, 402, 263, 282, 293, 261, 275, 399, 371, 269, 376, 281, 408, 266, 381, 372, 398, 418, 247, 398, 398, 264, 414
235, 270, 256, 1, 256, 270, 270, 270, 256, 35389440, 413, 294, 291, 312, 304, 394, 427, 305, 428, 262, 167, 277, 298, 313, 282, 288, 426, 405, 290, 402, 303, 443, 285, 414, 396, 436, 456, 264, 426, 435, 269, 453
236, 270, 300, 1, 256, 270, 270, 270, 300, 41472000, 476, 345, 340, 366, 351, 462, 495, 355, 493, 307, 511, 327, 353, 365, 326, 343, 501, 326, 339, 447, 354, 515, 335, 479, 470, 503, 532, 311, 493, 506, 334, 518
237, 271, 240, 1, 256, 271, 271, 271, 240, 33300480, 382, 275, 275, 289, 284, 372, 402, 285, 397, 246, 383, 263, 284, 294, 264, 276, 402, 368, 273, 370, 284, 403, 266, 381, 371, 398, 427, 236, 398, 399, 271, 413
238, 271, 256, 1, 256, 271, 271, 271, 256, 35520512, 412, 295, 291, 318, 302, 393, 424, 303, 430, 262, 444, 281, 299, 311, 281, 292, 438, 404, 286, 403, 300, 443, 284, 416, 399, 437, 457, 265, 423, 431, 284, 451
239, 271, 300, 1, 256, 271, 271, 271, 300, 41625600, 480, 343, 343, 368, 355, 456, 505, 355, 499, 306, 508, 326, 356, 367, 329, 344, 501, 456, 336, 460, 353, 514, 312, 476, 467, 501, 533, 312, 491, 503, 333, 524
240, 272, 240, 1, 256, 272, 272, 272, 240, 33423360, 369, 275, 272, 289, 276, 350, 403, 288, 397, 245, 410, 264, 288, 249, 251, 276, 403, 371, 271, 370, 283, 411, 269, 381, 369, 373, 422, 251, 399, 402, 267, 419
241, 272, 256, 1, 256, 272, 272, 272, 256, 35651584, 418, 292, 294, 310, 304, 393, 420, 308, 433, 264, 449, 283, 300, 312, 282, 295, 424, 406, 287, 407, 301, 444, 287, 419, 400, 434, 459, 265, 428, 437, 281, 456
242, 272, 300, 1, 256, 272, 272, 272, 300, 41779200, 479, 347, 344, 371, 352, 460, 501, 355, 495, 310, 523, 331, 353, 368, 330, 346, 504, 455, 339, 466, 351, 520, 338, 485, 458, 505, 531, 314, 499, 497, 334, 526
243, 273, 240, 1, 256, 273, 273, 273, 240, 33546240, 384, 280, 277, 279, 287, 374, 405, 288, 401, 248, 413, 264, 284, 292, 265, 279, 404, 366, 274, 373, 282, 411, 272, 382, 373, 404, 424, 252, 406, 405, 267, 417
244, 273, 256, 1, 256, 273, 273, 273, 256, 35782656, 415, 296, 288, 316, 307, 396, 431, 308, 435, 264, 446, 283, 302, 317, 283, 295, 438, 409, 288, 408, 304, 451, 274, 420, 407, 436, 461, 267, 429, 435, 284, 448
245, 273, 300, 1, 256, 273, 273, 273, 300, 41932800, 451, 348, 346, 373, 353, 467, 510, 360, 503, 310, 518, 330, 355, 368, 329, 345, 474, 456, 338, 462, 356, 517, 338, 482, 466, 502, 534, 312, 499, 508, 330, 527
246, 274, 240, 1, 256, 274, 274, 274, 240, 33669120, 378, 279, 277, 283, 284, 368, 397, 287, 403, 247, 409, 267, 285, 290, 266, 278, 406, 375, 275, 373, 277, 411, 272, 384, 369, 400, 418, 248, 392, 404, 269, 419
247, 274, 256, 1, 256, 274, 274, 274, 256, 35913728, 417, 296, 288, 301, 306, 394, 430, 304, 433, 264, 175, 284, 301, 322, 284, 296, 441, 406, 287, 405, 308, 447, 289, 348, 397, 440, 462, 268, 429, 442, 289, 458
248, 274, 300, 1, 256, 274, 274, 274, 300, 42086400, 486, 345, 344, 372, 360, 462, 507, 354, 502, 308, 518, 336, 356, 370, 333, 347, 513, 474, 343, 465, 355, 520, 338, 487, 462, 507, 532, 315, 501, 510, 330, 296
249, 275, 240, 1, 256, 275, 275, 275, 240, 33792000, 386, 281, 277, 295, 286, 367, 396, 290, 403, 251, 414, 268, 286, 289, 267, 281, 405, 376, 276, 375, 286, 414, 271, 386, 368, 405, 423, 250, 396, 403, 271, 420
250, 275, 256, 1, 256, 275, 275, 275, 256, 36044800, 417, 298, 292, 316, 304, 396, 425, 307, 436, 265, 449, 284, 301, 311, 285, 296, 445, 411, 293, 406, 303, 450, 290, 419, 396, 440, 469, 264, 428, 442, 288, 454
251, 275, 300, 1, 256, 275, 275, 275, 300, 42240000, 466, 347, 346, 373, 356, 464, 506, 361, 505, 312, 522, 333, 358, 372, 333, 349, 512, 469, 341, 471, 356, 526, 342, 491, 470, 511, 536, 316, 503, 514, 333, 514
252, 276, 240, 1, 256, 276, 276, 276, 240, 33914880, 386, 269, 280, 301, 292, 375, 408, 292, 404, 253, 416, 268, 289, 300, 268, 281, 407, 378, 276, 376, 289, 419, 273, 391, 370, 406, 426, 252, 404, 404, 271, 423
253, 276, 256, 1, 256, 276, 276, 276, 256, 36175872, 423, 301, 295, 319, 302, 395, 429, 308, 437, 254, 452, 285, 304, 319, 286, 296, 207, 413, 291, 409, 304, 452, 290, 419, 406, 439, 466, 270, 431, 445, 287, 460
254, 276, 300, 1, 256, 276, 276, 276, 300, 42393600, 486, 350, 349, 366, 359, 473, 513, 363, 510, 316, 524, 336, 360, 371, 336, 350, 513, 466, 346, 470, 360, 527, 344, 492, 477, 510, 541, 315, 510, 520, 333, 533
255, 277, 240, 1, 256, 277, 277, 277, 240, 34037760, 387, 281, 279, 301, 289, 378, 409, 289, 404, 254, 406, 250, 288, 300, 271, 269, 403, 371, 277, 376, 290, 416, 273, 392, 378, 407, 431, 250, 396, 404, 272, 427
256, 277, 256, 1, 256, 277, 277, 277, 256, 36306944, 421, 303, 293, 322, 285, 400, 433, 314, 441, 270, 447, 287, 307, 319, 288, 299, 445, 415, 294, 410, 308, 455, 292, 424, 408, 445, 471, 271, 431, 448, 287, 458
257, 277, 300, 1, 256, 277, 277, 277, 300, 42547200, 490, 351, 349, 374, 359, 470, 509, 366, 501, 316, 492, 333, 339, 375, 337, 353, 518, 470, 345, 468, 361, 531, 341, 488, 468, 514, 543, 319, 508, 515, 341, 537
258, 278, 240, 1, 256, 278, 278, 278, 240, 34160640, 400, 286, 281, 303, 292, 379, 410, 294, 405, 254, 429, 270, 291, 300, 270, 281, 408, 379, 277, 380, 290, 418, 277, 390, 380, 409, 433, 254, 404, 404, 273, 426
259, 278, 256, 1, 256, 278, 278, 278, 256, 36438016, 426, 303, 297, 328, 291, 398, 439, 311, 442, 272, 454, 286, 306, 320, 289, 294, 451, 410, 294, 412, 308, 457, 291, 426, 411, 448, 470, 273, 434, 446, 293, 465
260, 278, 300, 1, 256, 278, 278, 278, 300, 42700800, 497, 350, 349, 375, 366, 448, 516, 368, 510, 316, 529, 338, 359, 377, 339, 351, 510, 472, 347, 469, 361, 528, 343, 490, 468, 511, 545, 319, 510, 519, 336, 539
261, 279, 240, 1, 256, 279, 279, 279, 240, 34283520, 392, 286, 281, 303, 295, 377, 414, 293, 409, 254, 418, 234, 292, 303, 272, 285, 414, 381, 278, 380, 291, 422, 276, 388, 380, 410, 434, 252, 394, 341, 275, 428
262, 279, 256, 1, 256, 279, 279, 279, 256, 36569088, 430, 302, 294, 314, 311, 401, 439, 314, 409, 269, 462, 287, 309, 322, 289, 303, 435, 414, 295, 414, 296, 459, 295, 427, 410, 441, 471, 272, 434, 447, 292, 469
263, 279, 300, 1, 256, 279, 279, 279, 300, 42854400, 493, 351, 352, 379, 367, 467, 516, 366, 518, 318, 534, 339, 364, 376, 342, 354, 515, 469, 346, 478, 364, 529, 346, 494, 475, 519, 543, 319, 512, 523, 342, 531
264, 280, 240, 1, 256, 280, 280, 280, 240, 34406400, 391, 284, 280, 300, 292, 380, 415, 293, 412, 257, 422, 275, 293, 305, 272, 281, 417, 385, 275, 381, 292, 425, 278, 396, 384, 414, 432, 259, 412, 414, 275, 425
265, 280, 256, 1, 256, 280, 280, 280, 256, 36700160, 429, 307, 300, 318, 314, 408, 441, 314, 445, 273, 458, 290, 311, 325, 291, 304, 453, 421, 296, 415, 309, 461, 295, 429, 404, 449, 471, 274, 441, 454, 292, 458
266, 280, 300, 1, 256, 280, 280, 280, 300, 43008000, 493, 355, 352, 383, 359, 464, 517, 369, 512, 317, 529, 339, 364, 378, 339, 356, 525, 468, 346, 475, 366, 534, 347, 495, 473, 518, 541, 287, 517, 424, 347, 543
267, 281, 240, 1, 256, 281, 281, 281, 240, 34529280, 248, 288, 285, 301, 290, 382, 413, 297, 408, 255, 421, 272, 293, 304, 275, 283, 421, 381, 278, 392, 296, 427, 278, 397, 385, 415, 440, 259, 413, 414, 275, 429
268, 281, 256, 1, 256, 281, 281, 281, 256, 36831232, 427, 304, 301, 327, 314, 403, 440, 316, 445, 273, 459, 290, 309, 324, 291, 298, 448, 421, 295, 419, 315, 452, 288, 432, 400, 454, 474, 275, 441, 453, 295, 470
269, 281, 300, 1, 256, 281, 281, 281, 300, 43161600, 495, 351, 357, 380, 369, 430, 523, 363, 513, 321, 529, 340, 362, 380, 340, 357, 518, 472, 350, 471, 369, 535, 347, 492, 472, 518, 549, 323, 517, 515, 341, 539
270, 282, 240, 1, 256, 282, 282, 282, 240, 34652160, 395, 287, 285, 301, 294, 374, 409, 298, 411, 256, 422, 274, 290, 297, 274, 287, 409, 374, 280, 382, 294, 412, 266, 398, 378, 416, 438, 255, 407, 413, 277, 430
271, 282, 256, 1, 256, 282, 282, 282, 256, 36962304, 427, 304, 298, 323, 307, 401, 440, 313, 447, 274, 462, 292, 310, 321, 293, 303, 453, 422, 299, 412, 313, 465, 297, 431, 409, 451, 478, 270, 439, 452, 297, 472
272, 282, 300, 1, 256, 282, 282, 282, 300, 43315200, 448, 362, 363, 380, 366, 480, 518, 370, 523, 320, 537, 341, 365, 387, 344, 358, 520, 480, 351, 483, 368, 539, 178, 500, 480, 517, 542, 324, 514, 527, 345, 548
273, 283, 240, 1, 256, 283, 283, 283, 240, 34775040, 395, 288, 283, 309, 297, 383, 417, 299, 413, 251, 418, 271, 291, 307, 274, 283, 407, 380, 278, 376, 288, 415, 282, 393, 380, 413, 437, 256, 405, 415, 277, 433
274, 283, 256, 1, 256, 283, 283, 283, 256, 37093376, 432, 307, 302, 311, 315, 407, 437, 312, 449, 274, 458, 296, 310, 319, 291, 302, 457, 416, 299, 417, 314, 457, 298, 431, 406, 454, 477, 278, 447, 458, 297, 470
275, 283, 300, 1, 256, 283, 283, 283, 300, 43468800, 502, 360, 330, 386, 372, 478, 524, 372, 520, 318, 488, 343, 367, 381, 344, 357, 523, 484, 352, 479, 339, 425, 350, 503, 489, 523, 553, 326, 524, 528, 348, 454
276, 284, 240, 1, 256, 284, 284, 284, 240, 34897920, 399, 289, 285, 308, 297, 387, 421, 300, 418, 258, 428, 271, 298, 305, 277, 287, 421, 381, 285, 387, 297, 432, 283, 395, 388, 427, 441, 260, 418, 420, 282, 432
277, 284, 256, 1, 256, 284, 284, 284, 256, 37224448, 434, 303, 304, 330, 318, 407, 446, 317, 445, 277, 467, 293, 313, 330, 294, 301, 420, 424, 297, 235, 316, 465, 301, 433, 414, 453, 448, 274, 444, 456, 265, 475
278, 284, 300, 1, 256, 284, 284, 284, 300, 43622400, 499, 363, 357, 390, 369, 481, 525, 380, 524, 329, 540, 345, 369, 381, 346, 359, 532, 478, 355, 482, 371, 542, 349, 498, 478, 526, 555, 326, 510, 528, 344, 548
279, 285, 240, 1, 256, 285, 285, 285, 240, 35020800, 400, 290, 288, 306, 295, 381, 410, 301, 415, 255, 424, 275, 295, 299, 273, 290, 418, 390, 285, 386, 298, 432, 284, 403, 384, 421, 440, 263, 419, 423, 282, 438
280, 285, 256, 1, 256, 285, 285, 285, 256, 37355520, 432, 310, 305, 329, 319, 404, 452, 319, 444, 275, 391, 294, 191, 329, 296, 297, 460, 412, 304, 418, 316, 461, 302, 436, 407, 456, 480, 279, 442, 460, 298, 473
281, 285, 300, 1, 256, 285, 285, 285, 300, 43776000, 501, 361, 291, 386, 374, 480, 525, 371, 518, 325, 539, 344, 367, 385, 344, 357, 529, 495, 356, 485, 372, 540, 353, 503, 487, 527, 554, 326, 526, 530, 348, 550
282, 286, 240, 1, 256, 286, 286, 286, 240, 35143680, 397, 287, 287, 307, 297, 381, 415, 294, 407, 256, 431, 274, 300, 307, 278, 288, 362, 390, 287, 398, 299, 433, 284, 402, 392, 329, 440, 264, 419, 423, 283, 439
283, 286, 256, 1, 256, 286, 286, 286, 256, 37486592, 437, 309, 305, 329, 315, 416, 446, 319, 454, 276, 469, 296, 316, 328, 295, 299, 452, 420, 302, 424, 323, 472, 303, 436, 421, 457, 483, 280, 445, 461, 295, 467
284, 286, 300, 1, 256, 286, 286, 286, 300, 43929600, 507, 364, 363, 388, 368, 481, 526, 378, 528, 322, 540, 345, 380, 371, 345, 364, 535, 481, 356, 486, 373, 543, 353, 504, 390, 531, 555, 328, 522, 525, 350, 555
285, 287, 240, 1, 256, 287, 287, 287, 240, 35266560, 402, 291, 289, 309, 302, 384, 427, 298, 411, 263, 433, 265, 298, 309, 279, 293, 425, 393, 285, 391, 301, 429, 284, 402, 389, 417, 445, 264, 415, 424, 282, 440
286, 287, 256, 1, 256, 287, 287, 287, 256, 37617664, 440, 313, 306, 331, 324, 412, 455, 319, 457, 276, 413, 299, 316, 328, 297, 312, 464, 430, 300, 426, 318, 473, 303, 441, 423, 459, 482, 279, 451, 456, 302, 481
287, 287, 300, 1, 256, 287, 287, 287, 300, 44083200, 509, 362, 359, 387, 376, 484, 528, 377, 526, 326, 543, 352, 362, 380, 342, 361, 523, 463, 348, 479, 369, 539, 355, 505, 476, 517, 550, 326, 502, 515, 352, 556
288, 288, 240, 1, 256, 288, 288, 288, 240, 35389440, 403, 292, 291, 299, 299, 384, 410, 302, 420, 261, 432, 281, 298, 316, 278, 293, 423, 396, 290, 394, 301, 435, 285, 403, 394, 426, 413, 257, 422, 427, 283, 442
289, 288, 256, 1, 256, 288, 288, 288, 256, 37748736, 443, 300, 308, 335, 322, 417, 458, 317, 455, 277, 471, 292, 319, 329, 299, 312, 462, 343, 307, 430, 321, 476, 303, 443, 426, 462, 487, 282, 455, 466, 298, 484
290, 288, 300, 1, 256, 288, 288, 288, 300, 44236800, 509, 368, 365, 391, 375, 491, 537, 382, 529, 327, 551, 346, 288, 391, 351, 367, 537, 498, 362, 493, 378, 533, 354, 509, 454, 533, 551, 326, 515, 520, 338, 544
291, 289, 240, 1, 256, 289, 289, 289, 240, 35512320, 407, 295, 291, 315, 290, 231, 428, 304, 425, 262, 438, 281, 258, 313, 282, 295, 424, 395, 288, 392, 302, 436, 286, 407, 386, 425, 443, 263, 420, 428, 286, 440
292, 289, 256, 1, 256, 289, 289, 289, 256, 37879808, 442, 313, 308, 336, 326, 419, 454, 325, 456, 282, 472, 299, 324, 329, 299, 161, 464, 433, 308, 424, 321, 466, 305, 443, 428, 462, 487, 282, 448, 462, 306, 483
293, 289, 300, 1, 256, 289, 289, 289, 300, 44390400, 510, 350, 358, 385, 373, 489, 529, 381, 535, 329, 551, 325, 381, 389, 352, 366, 538, 484, 358, 492, 375, 546, 357, 514, 494, 532, 565, 328, 525, 535, 352, 562
294, 290, 240, 1, 256, 290, 290, 290, 240, 35635200, 407, 295, 293, 305, 302, 385, 417, 306, 425, 264, 431, 281, 296, 312, 281, 295, 430, 393, 289, 393, 304, 438, 287, 407, 394, 427, 442, 263, 411, 420, 286, 445
295, 290, 256, 1, 256, 290, 290, 290, 256, 38010880, 442, 312, 308, 337, 327, 415, 450, 326, 405, 283, 472, 300, 318, 334, 302, 312, 455, 433, 295, 431, 322, 476, 305, 445, 423, 463, 476, 283, 455, 466, 305, 482
296, 290, 300, 1, 256, 290, 290, 290, 300, 44544000, 516, 366, 366, 328, 380, 484, 532, 379, 536, 327, 533, 348, 371, 388, 351, 355, 525, 490, 356, 485, 370, 551, 358, 515, 499, 535, 563, 323, 531, 529, 322, 561
297, 291, 240, 1, 256, 291, 291, 291, 240, 35758080, 411, 294, 294, 315, 304, 397, 429, 306, 425, 264, 436, 280, 301, 314, 282, 296, 436, 365, 292, 394, 268, 434, 288, 409, 394, 428, 439, 259, 408, 419, 282, 440
298, 291, 256, 1, 256, 291, 291, 291, 256, 38141952, 396, 307, 307, 335, 326, 420, 454, 326, 462, 281, 475, 301, 317, 329, 300, 311, 460, 431, 304, 426, 319, 475, 305, 443, 418, 463, 491, 282, 453, 466, 306, 485
299, 291, 300, 1, 256, 291, 291, 291, 300, 44697600, 513, 369, 364, 397, 376, 493, 536, 384, 518, 330, 551, 349, 376, 390, 353, 366, 532, 498, 359, 500, 379, 555, 361, 518, 489, 540, 562, 334, 527, 541, 351, 560
300, 292, 240, 1, 256, 292, 292, 292, 240, 35880960, 406, 298, 294, 317, 306, 390, 421, 306, 421, 267, 440, 281, 304, 308, 283, 297, 432, 400, 292, 398, 305, 435, 288, 412, 397, 425, 446, 266, 422, 429, 284, 443
301, 292, 256, 1, 256, 292, 292, 292, 256, 38273024, 441, 316, 312, 338, 326, 425, 459, 327, 462, 283, 480, 303, 319, 339, 302, 314, 466, 438, 310, 409, 322, 476, 307, 448, 419, 465, 494, 282, 454, 467, 307, 486
302, 292, 300, 1, 256, 292, 292, 292, 300, 44851200, 518, 368, 368, 398, 377, 488, 541, 367, 523, 334, 555, 350, 380, 393, 355, 371, 537, 492, 363, 493, 380, 551, 361, 519, 486, 536, 572, 333, 536, 540, 349, 563
303, 293, 240, 1, 256, 293, 293, 293, 240, 36003840, 411, 297, 292, 315, 304, 390, 409, 306, 429, 264, 438, 285, 301, 311, 284, 299, 437, 399, 291, 397, 306, 436, 292, 410, 387, 429, 457, 265, 421, 431, 288, 448
304, 293, 256, 1, 256, 293, 293, 293, 256, 38404096, 439, 317, 309, 336, 326, 419, 450, 327, 463, 284, 472, 301, 321, 331, 303, 314, 469, 438, 309, 432, 322, 370, 311, 446, 420, 472, 496, 285, 462, 473, 305, 489
305, 293, 300, 1, 256, 293, 293, 293, 300, 45004800, 512, 373, 368, 401, 382, 261, 544, 386, 530, 334, 555, 356, 380, 393, 357, 372, 545, 499, 362, 411, 383, 559, 362, 525, 492, 544, 554, 336, 536, 546, 353, 566
306, 294, 240, 1, 256, 294, 294, 294, 240, 36126720, 408, 300, 298, 318, 310, 391, 418, 312, 429, 267, 440, 282, 305, 319, 286, 298, 435, 400, 264, 400, 309, 437, 291, 418, 399, 432, 447, 249, 429, 429, 289, 448
307, 294, 256, 1, 256, 294, 294, 294, 256, 38535168, 448, 319, 316, 334, 329, 422, 463, 328, 465, 283, 483, 305, 328, 335, 304, 318, 473, 440, 313, 430, 326, 486, 312, 450, 425, 469, 495, 285, 462, 471, 309, 491
308, 294, 300, 1, 256, 294, 294, 294, 300, 45158400, 523, 373, 370, 397, 382, 493, 541, 387, 536, 334, 559, 354, 385, 392, 356, 371, 542, 485, 363, 493, 381, 550, 358, 508, 491, 536, 560, 331, 144, 541, 360, 568
309, 295, 240, 1, 256, 295, 295, 295, 240, 36249600, 415, 234, 297, 316, 306, 392, 422, 309, 432, 268, 444, 271, 303, 316, 286, 300, 436, 404, 294, 404, 305, 445, 292, 410, 402, 433, 458, 271, 432, 433, 292, 454
310, 295, 256, 1, 256, 295, 295, 295, 256, 38666240, 450, 320, 313, 342, 333, 421, 458, 330, 467, 286, 481, 302, 323, 339, 307, 319, 475, 443, 312, 435, 325, 489, 309, 449, 419, 472, 488, 288, 462, 470, 309, 493
311, 295, 300, 1, 256, 295, 295, 295, 300, 45312000, 523, 371, 369, 400, 386, 496, 546, 385, 542, 311, 562, 357, 383, 396, 361, 373, 549, 507, 365, 496, 382, 562, 367, 526, 502, 548, 576, 338, 540, 546, 362, 571
312, 296, 240, 1, 256, 296, 296, 296, 240, 36372480, 416, 300, 299, 201, 312, 400, 440, 310, 435, 270, 444, 247, 307, 319, 273, 300, 444, 402, 295, 404, 309, 446, 290, 396, 403, 439, 462, 273, 438, 438, 291, 451
313, 296, 256, 1, 256, 296, 296, 296, 256, 38797312, 448, 321, 316, 289, 331, 424, 459, 327, 468, 287, 488, 307, 326, 341, 306, 319, 473, 442, 312, 441, 331, 491, 312, 456, 432, 471, 499, 290, 464, 476, 310, 495
314, 296, 300, 1, 256, 296, 296, 296, 300, 45465600, 525, 378, 372, 404, 390, 502, 544, 390, 533, 337, 560, 359, 383, 400, 359, 375, 553, 501, 364, 499, 387, 561, 368, 524, 498, 550, 574, 338, 540, 551, 356, 569
315, 297, 240, 1, 256, 297, 297, 297, 240, 36495360, 386, 297, 297, 318, 314, 403, 437, 315, 436, 271, 448, 285, 308, 319, 288, 301, 441, 407, 294, 403, 309, 452, 295, 418, 404, 437, 455, 259, 431, 440, 293, 457
316, 297, 256, 1, 256, 297, 297, 297, 256, 38928384, 454, 321, 311, 348, 332, 431, 414, 333, 471, 288, 490, 307, 325, 341, 309, 321, 478, 445, 315, 441, 328, 488, 310, 452, 427, 479, 505, 290, 465, 480, 314, 494
317, 297, 300, 1, 256, 297, 297, 297, 300, 45619200, 524, 381, 371, 401, 389, 500, 547, 389, 548, 339, 564, 358, 383, 402, 365, 376, 549, 502, 370, 508, 385, 563, 364, 524, 499, 551, 532, 340, 548, 556, 363, 576
318, 298, 240, 1, 256, 298, 298, 298, 240, 36618240, 417, 302, 296, 322, 311, 397, 441, 315, 437, 272, 449, 291, 309, 323, 289, 281, 438, 407, 296, 401, 310, 448, 294, 418, 396, 438, 459, 269, 422, 440, 293, 456
319, 298, 256, 1, 256, 298, 298, 298, 256, 39059456, 449, 321, 317, 343, 325, 424, 458, 333, 473, 287, 484, 312, 325, 337, 306, 320, 472, 442, 313, 437, 330, 489, 312, 456, 425, 476, 492, 286, 457, 481, 290, 493
320, 298, 300, 1, 256, 298, 298, 298, 300, 45772800, 524, 380, 374, 403, 390, 503, 551, 391, 544, 337, 559, 361, 387, 401, 360, 378, 551, 512, 370, 505, 388, 568, 369, 524, 376, 545, 568, 340, 530, 548, 358, 525
321, 299, 240, 1, 256, 299, 299, 299, 240, 36741120, 427, 305, 300, 324, 316, 397, 427, 315, 439, 267, 450, 288, 305, 321, 290, 303, 443, 409, 297, 416, 311, 454, 296, 420, 406, 442, 428, 92, 429, 441, 293, 460
322, 299, 256, 1, 256, 299, 299, 299, 256, 39190528, 454, 324, 316, 346, 336, 426, 460, 336, 467, 293, 487, 306, 329, 337, 258, 320, 474, 448, 308, 441, 328, 494, 313, 462, 439, 479, 501, 290, 461, 480, 308, 497
323, 299, 300, 1, 256, 299, 299, 299, 300, 45926400, 526, 276, 379, 399, 388, 501, 544, 393, 550, 343, 570, 364, 385, 402, 363, 380, 536, 507, 374, 511, 151, 570, 370, 532, 500, 557, 582, 339, 543, 555, 367, 580
324, 300, 240, 1, 256, 300, 300, 300, 240, 36864000, 419, 304, 303, 320, 313, 405, 438, 318, 438, 274, 455, 288, 311, 288, 290, 304, 445, 409, 298, 408, 316, 455, 298, 421, 409, 441, 464, 275, 438, 440, 298, 459
325, 300, 256, 1, 256, 300, 300, 300, 256, 39321600, 456, 326, 320, 353, 259, 433, 473, 314, 476, 289, 495, 309, 331, 343, 305, 323, 483, 450, 317, 444, 331, 491, 315, 459, 433, 477, 504, 289, 471, 477, 316, 498
326, 300, 300, 1, 256, 300, 300, 300, 300, 46080000, 531, 379, 379, 407, 392, 507, 552, 395, 549, 341, 573, 360, 388, 401, 366, 380, 554, 511, 372, 513, 392, 567, 373, 532, 510, 555, 581, 343, 548, 556, 364, 583
327, 301, 240, 1, 256, 301, 301, 301, 240, 36986880, 412, 306, 307, 324, 318, 406, 446, 316, 439, 274, 452, 289, 315, 329, 291, 305, 442, 414, 298, 409, 316, 457, 298, 422, 400, 442, 467, 268, 425, 435, 293, 452
328, 301, 256, 1, 256, 301, 301, 301, 256, 39452672, 460, 256, 319, 342, 328, 435, 475, 335, 477, 291, 487, 310, 334, 349, 309, 322, 481, 452, 318, 445, 333, 496, 318, 461, 438, 484, 507, 295, 471, 485, 315, 499
329, 301, 300, 1, 256, 301, 301, 301, 300, 46233600, 529, 382, 375, 413, 399, 509, 557, 396, 543, 344, 571, 363, 390, 406, 369, 382, 559, 507, 374, 513, 391, 547, 370, 531, 505, 561, 589, 345, 551, 558, 369, 580
330, 302, 240, 1, 256, 302, 302, 302, 240, 37109760, 422, 303, 303, 322, 316, 412, 442, 319, 443, 276, 452, 293, 314, 325, 292, 308, 446, 414, 302, 411, 315, 457, 298, 425, 404, 445, 469, 272, 429, 444, 296, 463
331, 302, 256, 1, 256, 302, 302, 302, 256, 39583744, 458, 158, 321, 346, 331, 426, 466, 336, 479, 294, 491, 311, 331, 341, 311, 323, 482, 451, 315, 444, 335, 496, 317, 465, 433, 480, 507, 291, 466, 485, 316, 501
332, 302, 300, 1, 256, 302, 302, 302, 300, 46387200, 533, 381, 382, 410, 386, 510, 552, 397, 544, 343, 572, 366, 388, 406, 366, 383, 553, 507, 354, 517, 393, 571, 373, 535, 515, 558, 590, 346, 555, 563, 371, 581
333, 303, 240, 1, 256, 303, 303, 303, 240, 37232640, 418, 309, 303, 323, 314, 411, 446, 320, 446, 274, 460, 296, 313, 330, 293, 303, 448, 412, 298, 420, 316, 459, 299, 426, 409, 448, 469, 277, 444, 446, 299, 461
334, 303, 256, 1, 256, 303, 303, 303, 256, 39714816, 460, 326, 323, 348, 198, 439, 473, 337, 477, 296, 498, 311, 333, 345, 315, 324, 484, 453, 319, 447, 335, 492, 321, 462, 435, 482, 482, 294, 471, 487, 314, 506
335, 303, 300, 1, 256, 303, 303, 303, 300, 46540800, 539, 388, 382, 412, 395, 508, 562, 397, 549, 342, 577, 364, 392, 407, 332, 383, 566, 510, 374, 509, 394, 572, 375, 536, 506, 561, 589, 347, 551, 558, 362, 582
336, 304, 240, 1, 256, 304, 304, 304, 240, 37355520, 424, 309, 306, 327, 316, 402, 434, 320, 444, 276, 451, 295, 313, 322, 295, 308, 444, 416, 301, 414, 316, 458, 300, 428, 406, 446, 471, 274, 437, 449, 298, 467
337, 304, 256, 1, 256, 304, 304, 304, 256, 39845888, 465, 329, 324, 348, 335, 435, 469, 338, 484, 292, 494, 313, 335, 347, 314, 325, 485, 453, 320, 447, 339, 500, 320, 461, 436, 481, 517, 293, 474, 487, 316, 503
338, 304, 300, 1, 256, 304, 304, 304, 300, 46694400, 538, 389, 382, 410, 400, 513, 560, 402, 553, 345, 577, 369, 393, 411, 369, 385, 569, 509, 377, 425, 399, 580, 377, 543, 519, 565, 598, 346, 563, 565, 373, 583
339, 305, 240, 1, 256, 305, 305, 305, 240, 37478400, 430, 310, 310, 331, 319, 409, 452, 320, 447, 278, 458, 294, 317, 329, 296, 305, 457, 415, 306, 412, 317, 456, 304, 430, 414, 451, 475, 278, 448, 446, 302, 463
340, 305, 256, 1, 256, 305, 305, 305, 256, 39976960, 462, 329, 324, 348, 340, 443, 481, 343, 480, 297, 503, 316, 338, 352, 316, 329, 490, 454, 323, 448, 339, 499, 320, 459, 443, 488, 509, 298, 476, 489, 320, 510
341, 305, 300, 1, 256, 305, 305, 305, 300, 46848000, 542, 389, 383, 416, 396, 516, 561, 398, 564, 347, 580, 368, 395, 408, 371, 386, 565, 516, 378, 518, 396, 582, 378, 538, 512, 569, 591, 349, 557, 566, 367, 583
342, 306, 240, 1, 256, 306, 306, 306, 240, 37601280, 428, 311, 301, 333, 322, 406, 440, 323, 450, 280, 458, 285, 319, 322, 299, 310, 452, 418, 305, 399, 322, 465, 302, 431, 409, 449, 474, 280, 448, 443, 298, 468
343, 306, 256, 1, 256, 306, 306, 306, 256, 40108032, 467, 331, 328, 354, 340, 442, 479, 337, 487, 293, 505, 314, 335, 348, 317, 330, 426, 457, 322, 451, 341, 500, 315, 471, 447, 491, 508, 296, 478, 496, 322, 505
344, 306, 300, 1, 256, 306, 306, 306, 300, 47001600, 546, 383, 387, 413, 399, 516, 564, 404, 562, 349, 580, 365, 396, 411, 373, 387, 571, 516, 378, 516, 397, 583, 377, 544, 518, 564, 596, 350, 555, 567, 371, 590
345, 307, 240, 1, 256, 307, 307, 307, 240, 37724160, 430, 313, 311, 328, 314, 411, 451, 323, 449, 277, 457, 298, 319, 330, 299, 313, 456, 412, 304, 417, 318, 463, 302, 434, 415, 450, 486, 283, 452, 454, 304, 469
346, 307, 256, 1, 256, 307, 307, 307, 256, 40239104, 467, 331, 328, 350, 343, 444, 484, 344, 485, 295, 501, 281, 338, 357, 317, 331, 489, 446, 276, 453, 344, 503, 288, 250, 451, 492, 515, 302, 480, 494, 323, 505
347, 307, 300, 1, 256, 307, 307, 307, 300, 47155200, 549, 384, 385, 412, 400, 518, 569, 381, 568, 347, 578, 382, 397, 412, 372, 388, 574, 531, 383, 526, 402, 586, 383, 548, 518, 571, 601, 353, 560, 571, 377, 592
348, 308, 240, 1, 256, 308, 308, 308, 240, 37847040, 433, 312, 309, 337, 326, 418, 457, 324, 332, 280, 463, 303, 320, 332, 298, 314, 455, 421, 305, 430, 323, 462, 306, 435, 421, 452, 476, 283, 450, 450, 303, 468
349, 308, 256, 1, 256, 308, 308, 308, 256, 40370176, 468, 334, 329, 358, 344, 442, 480, 342, 484, 300, 502, 316, 337, 352, 318, 326, 497, 460, 325, 455, 344, 489, 325, 472, 450, 497, 519, 301, 482, 492, 280, 511
350, 308, 300, 1, 256, 308, 308, 308, 300, 47308800, 541, 389, 388, 425, 402, 519, 569, 406, 567, 347, 580, 372, 399, 412, 371, 389, 570, 531, 380, 532, 401, 588, 377, 538, 509, 573, 601, 353, 559, 574, 374, 594
351, 309, 240, 1, 256, 309, 309, 309, 240, 37969920, 433, 313, 310, 329, 323, 409, 445, 326, 454, 281, 457, 299, 322, 334, 299, 312, 455, 422, 305, 425, 325, 462, 306, 436, 411, 455, 473, 283, 448, 452, 304, 465
352, 309, 256, 1, 256, 309, 309, 309, 256, 40501248, 471, 335, 331, 354, 345, 447, 484, 345, 490, 298, 511, 317, 337, 353, 319, 176, 497, 463, 325, 456, 346, 503, 326, 467, 452, 495, 515, 301, 483, 492, 318, 515
353, 309, 300, 1, 256, 309, 309, 309, 300, 47462400, 549, 330, 385, 413, 396, 501, 559, 407, 570, 349, 591, 374, 402, 417, 376, 389, 577, 531, 382, 526, 405, 587, 381, 548, 530, 574, 595, 354, 565, 571, 381, 596
354, 310, 240, 1, 256, 310, 310, 310, 240, 38092800, 435, 315, 312, 333, 322, 418, 459, 324, 451, 281, 461, 301, 317, 332, 300, 291, 460, 424, 307, 421, 324, 468, 305, 439, 422, 453, 483, 285, 458, 458, 305, 476
355, 310, 256, 1, 256, 310, 310, 310, 256, 40632320, 472, 338, 327, 360, 347, 443, 490, 340, 491, 300, 505, 320, 339, 353, 320, 334, 498, 465, 323, 456, 346, 509, 325, 469, 458, 497, 523, 301, 482, 499, 322, 517
356, 310, 300, 1, 256, 310, 310, 310, 300, 47616000, 544, 394, 390, 420, 403, 524, 572, 407, 568, 350, 586, 375, 401, 418, 375, 391, 561, 499, 384, 531, 402, 593, 381, 553, 512, 567, 605, 354, 568, 579, 378, 599
357, 311, 240, 1, 256, 311, 311, 311, 240, 38215680, 446, 317, 308, 336, 327, 421, 462, 324, 444, 284, 477, 300, 321, 335, 302, 314, 464, 425, 310, 423, 325, 470, 308, 436, 427, 463, 492, 285, 452, 460, 306, 475
358, 311, 256, 1, 256, 311, 311, 311, 256, 40763392, 478, 337, 330, 361, 347, 447, 486, 343, 484, 300, 503, 321, 338, 348, 317, 331, 481, 452, 328, 459, 344, 506, 326, 475, 446, 310, 526, 302, 482, 498, 324, 511
359, 311, 300, 1, 256, 311, 311, 311, 300, 47769600, 549, 389, 388, 421, 407, 490, 569, 407, 557, 353, 592, 376, 403, 418, 381, 393, 576, 524, 378, 525, 406, 591, 383, 551, 516, 575, 602, 357, 566, 582, 371, 591
360, 312, 240, 1, 256, 312, 312, 312, 240, 38338560, 432, 316, 313, 336, 323, 416, 447, 326, 457, 283, 470, 304, 320, 329, 302, 315, 461, 428, 310, 426, 324, 466, 308, 439, 412, 458, 479, 283, 445, 461, 308, 478
361, 312, 256, 1, 256, 312, 312, 312, 256, 40894464, 475, 338, 331, 359, 344, 446, 482, 343, 488, 302, 506, 322, 340, 353, 323, 335, 498, 465, 328, 460, 343, 468, 328, 476, 445, 497, 522, 296, 488, 503, 326, 515
362, 312, 300, 1, 256, 312, 312, 312, 300, 47923200, 536, 399, 392, 426, 401, 519, 572, 412, 563, 353, 586, 377, 402, 420, 379, 395, 577, 525, 384, 505, 405, 592, 385, 557, 519, 578, 608, 357, 572, 580, 376, 603
363, 313, 240, 1, 256, 313, 313, 313, 240, 38461440, 436, 315, 312, 336, 325, 416, 440, 329, 458, 284, 468, 305, 320, 330, 298, 317, 289, 429, 311, 426, 326, 472, 310, 441, 414, 457, 419, 280, 444, 461, 307, 482
364, 313, 256, 1, 256, 313, 313, 313, 256, 41025536, 473, 338, 332, 359, 344, 463, 491, 347, 491, 303, 513, 323, 345, 359, 325, 338, 504, 468, 327, 472, 345, 514, 330, 479, 458, 501, 530, 305, 488, 498, 329, 521
365, 313, 300, 1, 256, 313, 313, 313, 300, 48076800, 551, 399, 394, 430, 405, 529, 576, 420, 572, 356, 597, 377, 406, 421, 377, 396, 578, 535, 388, 537, 409, 593, 385, 552, 528, 577, 574, 342, 574, 583, 378, 602
366, 314, 240, 1, 256, 314, 314, 314, 240, 38584320, 441, 318, 316, 340, 330, 395, 465, 329, 461, 284, 467, 306, 324, 340, 305, 277, 466, 428, 301, 428, 330, 473, 309, 437, 420, 459, 490, 288, 458, 463, 311, 478
367, 314, 256, 1, 256, 314, 314, 314, 256, 41156608, 476, 334, 333, 361, 347, 454, 493, 352, 495, 304, 511, 331, 343, 359, 323, 337, 503, 466, 331, 462, 351, 517, 331, 481, 461, 494, 526, 306, 487, 501, 327, 522
368, 314, 300, 1, 256, 314, 314, 314, 300, 48230400, 517, 396, 395, 428, 412, 525, 578, 413, 580, 355, 593, 380, 407, 421, 379, 393, 587, 538, 392, 540, 409, 598, 386, 560, 528, 581, 608, 358, 580, 583, 383, 607
369, 315, 240, 1, 256, 315, 315, 315, 240, 38707200, 438, 323, 317, 339, 329, 426, 468, 333, 461, 288, 475, 305, 328, 337, 304, 320, 467, 431, 311, 427, 327, 478, 312, 441, 417, 461, 492, 282, 451, 466, 308, 481
370, 315, 256, 1, 256, 315, 315, 315, 256, 41287680, 477, 340, 333, 361, 234, 448, 484, 351, 500, 301, 514, 325, 341, 355, 326, 338, 367, 469, 331, 465, 347, 512, 333, 482, 450, 501, 526, 304, 487, 501, 326, 511
371, 315, 300, 1, 256, 315, 315, 315, 300, 48384000, 523, 393, 392, 420, 342, 520, 582, 411, 583, 358, 596, 372, 388, 421, 378, 397, 585, 541, 393, 540, 408, 597, 387, 557, 528, 586, 618, 362, 579, 589, 385, 545
372, 316, 240, 1, 256, 316, 316, 316, 240, 38830080, 438, 319, 314, 343, 331, 428, 468, 334, 461, 285, 474, 304, 326, 341, 304, 320, 467, 434, 314, 428, 331, 476, 313, 448, 428, 464, 502, 289, 461, 466, 311, 481
373, 316, 256, 1, 256, 316, 316, 316, 256, 41418752, 483, 344, 337, 361, 352, 451, 494, 353, 499, 307, 524, 325, 347, 362, 327, 342, 503, 470, 332, 467, 351, 418, 333, 479, 458, 500, 523, 306, 493, 504, 331, 523
374, 316, 300, 1, 256, 316, 316, 316, 300, 48537600, 556, 377, 399, 431, 413, 532, 579, 420, 580, 360, 603, 381, 417, 428, 385, 395, 593, 548, 392, 541, 414, 603, 387, 556, 534, 583, 616, 362, 576, 591, 389, 613
375, 317, 240, 1, 256, 317, 317, 317, 240, 38952960, 445, 321, 318, 345, 333, 428, 466, 330, 467, 289, 469, 307, 331, 343, 309, 320, 469, 433, 317, 433, 333, 469, 314, 446, 424, 461, 485, 289, 457, 453, 313, 488
376, 317, 256, 1, 256, 317, 317, 317, 256, 41549824, 480, 345, 338, 365, 350, 457, 496, 354, 497, 205, 477, 325, 354, 365, 328, 342, 505, 467, 332, 466, 355, 429, 332, 486, 468, 508, 534, 308, 490, 508, 332, 523
377, 317, 300, 1, 256, 317, 317, 317, 300, 48691200, 559, 401, 399, 430, 414, 531, 584, 417, 577, 367, 592, 381, 413, 428, 385, 401, 595, 535, 394, 533, 412, 601, 391, 565, 534, 587, 619, 363, 574, 580, 385, 608
378, 318, 240, 1, 256, 318, 318, 318, 240, 39075840, 445, 323, 321, 339, 331, 390, 452, 333, 463, 289, 478, 307, 323, 343, 310, 323, 472, 434, 317, 436, 331, 480, 313, 444, 428, 456, 494, 282, 452, 467, 316, 484
379, 318, 256, 1, 256, 318, 318, 318, 256, 41680896, 482, 345, 338, 368, 355, 454, 493, 352, 500, 306, 521, 326, 348, 357, 330, 339, 502, 474, 334, 464, 350, 520, 334, 484, 458, 508, 536, 310, 493, 507, 334, 518
380, 318, 300, 1, 256, 318, 318, 318, 300, 48844800, 560, 398, 397, 8, 408, 533, 577, 418, 572, 362, 607, 382, 407, 428, 385, 401, 587, 530, 388, 534, 414, 606, 387, 558, 537, 587, 616, 364, 580, 591, 385, 615
381, 319, 240, 1, 256, 319, 319, 319, 240, 39198720, 448, 320, 314, 346, 229, 431, 470, 337, 470, 287, 484, 312, 325, 345, 310, 319, 475, 433, 317, 435, 234, 481, 317, 448, 422, 467, 498, 293, 462, 469, 315, 488
382, 319, 256, 1, 256, 319, 319, 319, 256, 41811968, 419, 346, 321, 359, 353, 460, 493, 353, 499, 306, 522, 325, 350, 357, 330, 343, 510, 462, 333, 472, 351, 521, 335, 483, 465, 508, 538, 276, 494, 511, 330, 529
383, 319, 300, 1, 256, 319, 319, 319, 300, 48998400, 558, 401, 398, 434, 416, 543, 584, 420, 579, 362, 610, 385, 410, 428, 385, 403, 597, 538, 399, 544, 414, 610, 391, 564, 537, 591, 622, 363, 572, 590, 389, 614
